ticker,name,exchange
A,"Agilent Technologies, Inc. Common Stock",NYSE
AA,Alcoa Corporation Common Stock,NYSE
AAC,Ares Acquisition Corporation III Class A Ordinary Shares,NYSE
AACG,"ATA Creativity Global - American Depositary Shares, each representing two common shares",NASDAQ
AACI,Armada Acquisition Corp. III - Class A Ordinary Share,NASDAQ
AACO,Abony Acquisition Corp. I - Class A Ordinary Share,NASDAQ
AACP,Apogee Acquisition Corp - Class A Ordinary Shares,NASDAQ
AADX,"Applied Aerospace & Defense, Inc. Common Stock",NYSE
AAL,"American Airlines Group, Inc. - Common Stock",NASDAQ
AAME,Atlantic American Corporation - Common Stock,NASDAQ
AAMI,Acadian Asset Management Inc. Common Stock,NYSE
AAOI,"Applied Optoelectronics, Inc. - Common Stock",NASDAQ
AAON,"AAON, Inc. - Common Stock",NASDAQ
AAP,Advance Auto Parts Inc.,NYSE
AAPG,Ascentage Pharma Group International - American Depository Shares,NASDAQ
AAPL,Apple Inc. - Common Stock,NASDAQ
AARD,"Aardvark Therapeutics, Inc. - Common Stock",NASDAQ
AAT,"American Assets Trust, Inc. Common Stock",NYSE
AAUC,Allied Gold Corporation Common Shares,NYSE
ABAT,American Battery Technology Company - Common Stock,NASDAQ
ABBV,AbbVie Inc. Common Stock,NYSE
ABCB,Ameris Bancorp Common Stock,NYSE
ABCL,AbCellera Biologics Inc. - Common Shares,NASDAQ
ABEO,Abeona Therapeutics Inc. - Common Stock,NASDAQ
ABEV,Ambev S.A. American Depositary Shares (Each representing 1 Common Share),NYSE
ABG,Asbury Automotive Group Inc Common Stock,NYSE
ABLV,Able View Global Inc. - Class B Ordinary Shares,NASDAQ
ABM,ABM Industries Incorporated Common Stock,NYSE
ABNB,"Airbnb, Inc. - Class A Common Stock",NASDAQ
ABOS,"Acumen Pharmaceuticals, Inc. - Common Stock",NASDAQ
ABR,Arbor Realty Trust Common Stock,NYSE
ABSI,Absci Corporation - Common Stock,NASDAQ
ABT,Abbott Laboratories Common Stock,NYSE
ABTC,American Bitcoin Corp. - Class A Common Stock,NASDAQ
ABTS,Abits Group Inc - Ordinary Shares,NASDAQ
ABUS,Arbutus Biopharma Corporation - Common Stock,NASDAQ
ABVC,"ABVC BioPharma, Inc. - Common Stock",NASDAQ
ABVX,Abivax SA - American Depositary Shares,NASDAQ
ABX,"Abacus Global Management, Inc. Class A Common Stock",NYSE
ACA,"Arcosa, Inc. Common Stock",NYSE
ACAA,Averin Capital Acquisition Corp. - Class A Ordinary Shares,NASDAQ
ACAD,ACADIA Pharmaceuticals Inc. - Common Stock,NASDAQ
ACB,Aurora Cannabis Inc. - Common Shares,NASDAQ
ACCL,Acco Group Holdings Limited - Class A Ordinary Shares,NASDAQ
ACCO,Acco Brands Corporation Common Stock,NYSE
ACCS,ACCESS Newswire Inc. Common Stock,NYSE American
ACDC,ProFrac Holding Corp. - Class A Common Stock,NASDAQ
ACEL,"Accel Entertainment, Inc.",NYSE
ACET,"Adicet Bio, Inc. - Common Stock",NASDAQ
ACFN,"Acorn Energy, Inc. - Common Stock",NASDAQ
ACGC,ACP Holdings Acquisition Corp. - Class A Ordinary Shares,NASDAQ
ACGL,Arch Capital Group Ltd. - Common Stock,NASDAQ
ACH,"Accendra Health, Inc. Common Stock",NYSE
ACHC,"Acadia Healthcare Company, Inc. - Common Stock",NASDAQ
ACHR,Archer Aviation Inc. Class A Common Stock,NYSE
ACHV,"Achieve Life Sciences, Inc.  - Common Shares",NASDAQ
ACI,"Albertsons Companies, Inc. Class A Common Stock",NYSE
ACIC,American Coastal Insurance Corporation - Common Stock,NASDAQ
ACIU,AC Immune SA - Common Stock,NASDAQ
ACIW,"ACI Worldwide, Inc. - Common Stock",NASDAQ
ACLS,"Axcelis Technologies, Inc. - Common Stock",NASDAQ
ACM,AECOM Common Stock,NYSE
ACMR,"ACM Research, Inc. - Class A Common Stock",NASDAQ
ACN,Accenture plc Class A Ordinary Shares (Ireland),NYSE
ACNB,ACNB Corporation - Common Stock,NASDAQ
ACNT,Ascent Industries Co. - Common Stock,NASDAQ
ACOG,Alpha Cognition Inc. - Common Stock,NASDAQ
ACON,"Aclarion, Inc. - Common Stock",NASDAQ
ACR,ACRES Commercial Realty Corp. Common Stock,NYSE
ACRE,Ares Commercial Real Estate Corporation Common Stock,NYSE
ACRS,"Aclaris Therapeutics, Inc. - Common Stock",NASDAQ
ACRV,"Acrivon Therapeutics, Inc. - Common Stock",NASDAQ
ACT,"Enact Holdings, Inc. - Common Stock",NASDAQ
ACTG,Acacia Research Corporation - Common Stock,NASDAQ
ACTU,"Actuate Therapeutics, Inc. - Common stock",NASDAQ
ACU,Acme United Corporation. Common Stock,NYSE American
ACVA,ACV Auctions Inc. Class A Common Stock,NYSE
ACXP,"Acurx Pharmaceuticals, Inc. - Common Stock",NASDAQ
AD,"Array Digital Infrastructure, Inc. Common Shares",NYSE
ADAC,American Drive Acquisition Company - Class A Ordinary Shares,NASDAQ
ADAG,"Adagene Inc. - ADS, each representing 1.25 ordinary shares",NASDAQ
ADAM,"Adamas Trust, Inc. - Common Stock",NASDAQ
ADBE,Adobe Inc. - Common Stock,NASDAQ
ADBT,"Advasa Holdings, Inc. - Common stock",NASDAQ
ADC,Agree Realty Corporation Common Stock,NYSE
ADCT,ADC Therapeutics SA Common Shares,NYSE
ADEA,Adeia Inc.  - Common Stock,NASDAQ
ADGM,"Adagio Medical Holdings, Inc - Common Stock",NASDAQ
ADI,"Analog Devices, Inc. - Common Stock",NASDAQ
ADIG,ADI Global Distribution Inc. Common Stock,NYSE
ADIL,"Adial Pharmaceuticals, Inc - Common Stock",NASDAQ
ADM,Archer-Daniels-Midland Company Common Stock,NYSE
ADMA,ADMA Biologics Inc - Common Stock,NASDAQ
ADNT,Adient plc Ordinary Shares,NYSE
ADP,"Automatic Data Processing, Inc. - Common Stock",NASDAQ
ADPT,Adaptive Biotechnologies Corporation - Common Stock,NASDAQ
ADRX,"ADARx Pharmaceuticals, Inc. - Common stock",NASDAQ
ADSE,ADS-TEC ENERGY PLC - Ordinary Shares,NASDAQ
ADSK,"Autodesk, Inc. - Common Stock",NASDAQ
ADT,ADT Inc. Common Stock,NYSE
ADTN,"ADTRAN Holdings, Inc. - Common Stock",NASDAQ
ADUR,Aduro Clean Technologies Inc. - Common Stock,NASDAQ
ADUS,Addus HomeCare Corporation - Common Stock,NASDAQ
ADV,Advantage Solutions Inc.  - Class A Common Stock,NASDAQ
ADVB,Advanced Biomed Inc. - Common Stock,NASDAQ
ADXN,Addex Therapeutics Ltd - American Depositary Shares,NASDAQ
AEAQ,Activate Energy Acquisition Corp. - Class A Ordinary Share,NASDAQ
AEBI,Aebi Schmidt Holding AG - Common Stock,NASDAQ
AEC,Anfield Energy Inc. - Common Shares,NASDAQ
AEE,Ameren Corporation Common Stock,NYSE
AEG,Aegon Ltd. New York Registry Shares,NYSE
AEHL,Antelope Enterprise Holdings Limited - Class A Ordinary Shares,NASDAQ
AEHR,Aehr Test Systems - Common Stock,NASDAQ
AEI,Alset Inc. - Common Stock,NASDAQ
AEIS,"Advanced Energy Industries, Inc. - Common Stock",NASDAQ
AEM,Agnico Eagle Mines Limited Common Stock,NYSE
AEMD,"Aethlon Medical, Inc. - Common Stock",NASDAQ
AENT,Alliance Entertainment Holding Corporation - common stock,NASDAQ
AEO,"American Eagle Outfitters, Inc. Common Stock",NYSE
AEON,"AEON Biopharma, Inc. Class A Common Stock",NYSE American
AEP,"American Electric Power Company, Inc. - Common Stock",NASDAQ
AER,AerCap Holdings N.V. Ordinary Shares,NYSE
AERO,"Grupo Aeromexico, S.A.B. de C.V. American Depositary Shares (each representing ten (10) Common Shares)",NYSE
AERT,"Aeries Technology, Inc. - Class A Ordinary Share",NASDAQ
AES,The AES Corporation Common Stock,NYSE
AESI,Atlas Energy Solutions Inc. Common Stock,NYSE
AESP,Aeon Acquisition I Corp. - Class A Ordinary Shares,NASDAQ
AEVA,"Aeva Technologies, Inc. - Common Stock",NASDAQ
AEXA,American Exceptionalism Acquisition Corp. A Class A Ordinary Shares,NYSE
AEYE,"AudioEye, Inc. - Common Stock",NASDAQ
AFCG,Advanced Flower Capital Inc. - Common Stock,NASDAQ
AFG,"American Financial Group, Inc. Common Stock",NYSE
AFJK,"Aimei Health Technology Co., Ltd - Ordinary Share",NASDAQ
AFL,AFLAC Incorporated Common Stock,NYSE
AFRI,Forafric Global PLC - Ordinary Shares,NASDAQ
AFRM,"Affirm Holdings, Inc. - Class A Common Stock",NASDAQ
AFYA,Afya Limited - Class A Common Shares,NASDAQ
AG,First Majestic Silver Corp. Ordinary Shares (Canada),NYSE
AGBK,AGI Inc Class A Common Shares,NYSE
AGCC,Agencia Comercial Spirits Ltd - Class A Ordinary Share,NASDAQ
AGCO,AGCO Corporation Common Stock,NYSE
AGEN,Agenus Inc. - Common Stock,NASDAQ
AGI,Alamos Gold Inc. Class A Common Shares,NYSE
AGIG,Abundia Global Impact Group Inc. Common stock,NYSE American
AGIO,"Agios Pharmaceuticals, Inc. - Common Stock",NASDAQ
AGL,"agilon health, inc. Common Stock",NYSE
AGM,Federal Agricultural Mortgage Corporation Common Stock,NYSE
AGM-A,Federal Agricultural Mortgage Corporation Common Stock,NYSE
AGMB,AgomAb Therapeutics NV - ADRs representing one common share.,NASDAQ
AGMH,AGM Group Holdings Inc. - Class A Ordinary Shares,NASDAQ
AGNC,AGNC Investment Corp. - Common Stock,NASDAQ
AGNT,"AGNT, Inc. - Common Stock",NASDAQ
AGO,Assured Guaranty Ltd. Common Stock,NYSE
AGPU,Axe Compute Inc. - Common Stock,NASDAQ
AGRO,Adecoagro S.A. Common Shares,NYSE
AGRZ,Agroz Inc. - Class A Ordinary Shares,NASDAQ
AGX,"Argan, Inc. Common Stock",NYSE
AGYS,"Agilysys, Inc. - Common Stock",NASDAQ
AHCO,AdaptHealth Corp.  - Common Stock,NASDAQ
AHG,Akso Health Group - American Depositary Shares,NASDAQ
AHMA,Ambitions Enterprise Management Co. L.L.C - Class A Ordinary Shares,NASDAQ
AHR,"American Healthcare REIT, Inc. Common Stock",NYSE
AHRT,"AH Realty Trust, Inc. Common Stock",NYSE
AHT,Ashford Hospitality Trust Inc Common Stock,NYSE
AI,"C3.ai, Inc. Class A Common Stock",NYSE
AIAI,AIAI Holdings Corporation - Class A common stock,NASDAQ
AIB,AIB Data Centers Inc. Common Stock,NYSE American
AIBZ,Bitzero Holdings Inc. - Common Shares,NASDAQ
AIDX,"20/20 Biolabs, Inc. - Common Stock",NASDAQ
AIFA,"All In FutureTech Alliance, Inc. - Common Stock",NASDAQ
AIFC,AI Financial Corporation - Common Stock,NASDAQ
AIFF,"Firefly Neuroscience, Inc.  - Common Stock",NASDAQ
AIFU,AIFU Inc. - Class A Ordinary Share,NASDAQ
AIG,"American International Group, Inc. New Common Stock",NYSE
AII,"American Integrity Insurance Group, Inc. Common Stock",NYSE
AIIA,AI Infrastructure Acquisition Corp. Class A Ordinary Shares,NYSE
AIIO,Robo.ai Inc. - Class B Ordinary Shares,NASDAQ
AIIR,Air Global PLC - Ordinary shares,NASDAQ
AIM,AIM ImmunoTech Inc. Common Stock,NYSE American
AIMD,"Ainos, Inc. - Common Stock",NASDAQ
AIN,Albany International Corporation Common Stock,NYSE
AIOS,AIOS Tech Inc. - Class A Common Shares,NASDAQ
AIOT,"PowerFleet, Inc. - Common Stock",NASDAQ
AIP,"Arteris, Inc.  - Common Stock",NASDAQ
AIR,AAR Corp. Common Stock,NYSE
AIRE,reAlpha Tech Corp. - Common Stock,NASDAQ
AIRG,"Airgain, Inc. - Common Stock",NASDAQ
AIRI,Air Industries Group Common Stock,NYSE American
AIRJ,AirJoule Technologies Corporation - Class A Common Stock,NASDAQ
AIRO,"AIRO Group Holdings, Inc. - Common Stock",NASDAQ
AIRS,"AirSculpt Technologies, Inc. - Common Stock",NASDAQ
AIRT,"Air T, Inc. - Common Stock",NASDAQ
AISP,"Airship AI Holdings, Inc - Class A Common Stock",NASDAQ
AIT,"Applied Industrial Technologies, Inc. Common Stock",NYSE
AIV,Apartment Investment and Management Company Common Stock,NYSE
AIXC,"AIxCrypto Holdings, Inc. - Common Stock",NASDAQ
AIXI,XIAO-I Corporation - American Depositary Shares,NASDAQ
AIZ,"Assurant, Inc. Common Stock",NYSE
AJG,Arthur J. Gallagher & Co. Common Stock,NYSE
AKA,a.k.a. Brands Holding Corp. Common Stock,NYSE
AKAM,"Akamai Technologies, Inc. - Common Stock",NASDAQ
AKAN,Akanda Corp. - Common Shares,NASDAQ
AKBA,"Akebia Therapeutics, Inc. - Common Stock",NASDAQ
AKO-A,Embotelladora Andina S.A. Common Stock,NYSE
AKO-B,Embotelladora Andina S.A. Common Stock,NYSE
AKR,Acadia Realty Trust Common Stock,NYSE
AKTS,"Aktis Oncology, Inc. - Common stock",NASDAQ
AKTX,Akari Therapeutics Plc - American Depositary Shares,NASDAQ
ALAB,"Astera Labs, Inc. - Common Stock",NASDAQ
ALAR,Alarum Technologies Ltd. - American Depositary Shares,NASDAQ
ALB,Albemarle Corporation Common Stock,NYSE
ALC,Alcon Inc. Ordinary Shares,NYSE
ALCO,"Alico, Inc. - Common Stock",NASDAQ
ALDF,Aldel Financial II Inc. - Class A Ordinary Shares,NASDAQ
ALDX,"Aldeyra Therapeutics, Inc. - Common Stock",NASDAQ
ALEC,"Alector, Inc. - Common Stock",NASDAQ
ALF,Centurion Acquisition Corp. - Class A Ordinary Shares,NASDAQ
ALG,"Alamo Group, Inc. Common Stock",NYSE
ALGM,"Allegro MicroSystems, Inc. - Common Stock",NASDAQ
ALGN,"Align Technology, Inc. - Common Stock",NASDAQ
ALGS,"Aligos Therapeutics, Inc. - Common stock",NASDAQ
ALGT,Allegiant Travel Company - Common Stock,NASDAQ
ALH,Alliance Laundry Holdings Inc. Common Stock,NYSE
ALHC,"Alignment Healthcare, Inc. - Common Stock",NASDAQ
ALIS,Calisa Acquisition Corp - Ordinary shares,NASDAQ
ALIT,"Alight, Inc. Class A Common Stock",NYSE
ALK,"Alaska Air Group, Inc. Common Stock",NYSE
ALKS,Alkermes plc - Ordinary Shares,NASDAQ
ALKT,"Alkami Technology, Inc. - Common Stock",NASDAQ
ALL,Allstate Corporation (The) Common Stock,NYSE
ALLE,Allegion plc Ordinary Shares,NYSE
ALLO,"Allogene Therapeutics, Inc. - Common Stock",NASDAQ
ALLR,"Allarity Therapeutics, Inc. - Common stock",NASDAQ
ALLT,Allot Ltd. - Ordinary Shares,NASDAQ
ALLY,Ally Financial Inc. Common Stock,NYSE
ALM,Almonty Industries Inc. - Common Shares,NASDAQ
ALMR,"Alamar Biosciences, Inc. - Class A common stock",NASDAQ
ALMS,Alumis Inc. - Common Stock,NASDAQ
ALMU,"Aeluma, Inc. - Common Stock",NASDAQ
ALNT,Allient Inc. - Common Stock,NASDAQ
ALNY,"Alnylam Pharmaceuticals, Inc. - Common Stock",NASDAQ
ALOV,"Aldabra 4 Liquidity Opportunity Vehicle, Inc. - Class A Ordinary Shares",NASDAQ
ALOY,REalloys Inc. - Common Stock,NASDAQ
ALP,Alpha Compute Corp  - Ordinary Shares,NASDAQ
ALPS,ALPS Group Inc - Ordinary Share,NASDAQ
ALPX,Alpex Acquisition Corporation - Class A Ordinary Shares,NASDAQ
ALRM,"Alarm.com Holdings, Inc. - Common Stock",NASDAQ
ALRS,Alerus Financial Corporation - Common Stock,NASDAQ
ALSN,"Allison Transmission Holdings, Inc. Common Stock",NYSE
ALT,"Altimmune, Inc. - Common Stock",NASDAQ
ALTG,Alta Equipment Group Inc. Class A Common Stock,NYSE
ALTI,"AlTi Global, Inc. - Class A Common Stock",NASDAQ
ALTO,"Alto Ingredients, Inc. - Common Stock",NASDAQ
ALUB,Alussa Energy Acquisition Corp. II Class A Ordinary Shares,NYSE
ALV,"Autoliv, Inc. Common Stock",NYSE
ALVO,Alvotech - Ordinary Shares,NASDAQ
ALX,"Alexander's, Inc. Common Stock",NYSE
ALXO,ALX Oncology Holdings Inc. - Common Stock,NASDAQ
ALZN,"Alzamend Neuro, Inc. - Common Stock",NASDAQ
AM,Antero Midstream Corporation Common Stock,NYSE
AMAC,AMR Resources Acquisition Corp - Class A Ordinary Shares,NASDAQ
AMAL,Amalgamated Financial Corp. - Common Stock,NASDAQ
AMAN,Amanat Acquisition Corp - Class A Ordinary Shares,NASDAQ
AMAT,"Applied Materials, Inc. - Common Stock",NASDAQ
AMBA,"Ambarella, Inc. - Ordinary Shares",NASDAQ
AMBO,Ambow Education Holding Ltd. American Depository Shares (each representing twenty (20) Class A Ordinary Shares),NYSE American
AMBP,Ardagh Metal Packaging S.A. Ordinary Shares,NYSE
AMBQ,"Ambiq Micro, Inc. Common Stock",NYSE
AMBR,Amber International Holding Limited - American Depositary Shares,NASDAQ
AMC,"AMC Entertainment Holdings, Inc. Class A Common Stock",NYSE
AMCI,AMC Robotics Corporation - Common Stock,NASDAQ
AMCR,Amcor plc Ordinary Shares,NYSE
AMCX,AMC Global Media Inc. - Class A Common Stock,NASDAQ
AMD,"Advanced Micro Devices, Inc. - Common Stock",NASDAQ
AME,"AMETEK, Inc.",NYSE
AMG,"Affiliated Managers Group, Inc. Common Stock",NYSE
AMGN,Amgen Inc. - Common Stock,NASDAQ
AMH,American Homes 4 Rent Common Shares of Beneficial Interest,NYSE
AMIX,"Autonomix Medical, Inc. - Common Stock",NASDAQ
AMKR,"Amkor Technology, Inc. - Common Stock",NASDAQ
AMLX,"Amylyx Pharmaceuticals, Inc. - Common Stock",NASDAQ
AMN,AMN Healthcare Services Inc,NYSE
AMOD,"Alpha Modus Holdings, Inc. - Class A Common Stock",NASDAQ
AMP,"Ameriprise Financial, Inc. Common Stock",NYSE
AMPG,"Amplitech Group, Inc. - Common Stock",NASDAQ
AMPH,"Amphastar Pharmaceuticals, Inc. - Common Stock",NASDAQ
AMPL,"Amplitude, Inc. - Class A Common Stock",NASDAQ
AMPX,"Amprius Technologies, Inc. Common Stock",NYSE
AMPY,Amplify Energy Corp. Common Stock,NYSE
AMR,"Alpha Metallurgical Resources, Inc. Common Stock",NYSE
AMRC,"Ameresco, Inc. Class A Common Stock",NYSE
AMRN,Amarin Corporation plc - American Depositary Shares,NASDAQ
AMRX,"Amneal Pharmaceuticals, Inc. - Class A Common Stock",NASDAQ
AMRZ,Amrize Ltd Ordinary Shares,NYSE
AMS,American Shared Hospital Services Common Stock,NYSE American
AMSC,American Superconductor Corporation - Common Stock,NASDAQ
AMSF,"AMERISAFE, Inc. - Common Stock",NASDAQ
AMSS,AMASS Brands Inc. - Common Stock,NASDAQ
AMST,Amesite Inc. - Common Stock,NASDAQ
AMT,American Tower Corporation (REIT) Common Stock,NYSE
AMTB,Amerant Bancorp Inc. Class A Common Stock,NYSE
AMTD,"AMTD IDEA Group American Depositary Shares, each representing six (6) Class A Ordinary Shares",NYSE
AMTM,"Amentum Holdings, Inc. Common Stock",NYSE
AMTX,"Aemetis, Inc - Common Stock",NASDAQ
AMWL,American Well Corporation Class A Common Stock,NYSE
AMZE,"Amaze Holdings, Inc. Common Stock",NYSE American
AMZN,"Amazon.com, Inc. - Common Stock",NASDAQ
AN,"AutoNation, Inc. Common Stock",NYSE
ANAB,"AnaptysBio, Inc. - Common Stock",NASDAQ
ANDE,"The Andersons, Inc. - Common Stock",NASDAQ
ANDG,Andersen Group Inc. Class A Common Stock,NYSE
ANET,"Arista Networks, Inc. Common Stock",NYSE
ANF,Abercrombie & Fitch Company Common Stock,NYSE
ANGH,Anghami Inc. - Ordinary Shares,NASDAQ
ANGI,Angi Inc. - Class A Common Stock,NASDAQ
ANGO,"AngioDynamics, Inc. - Common Stock",NASDAQ
ANGX,"Angel Studios, Inc. Class A Common Stock",NYSE
ANIK,Anika Therapeutics Inc. - Common Stock,NASDAQ
ANIP,"ANI Pharmaceuticals, Inc. - Common Stock",NASDAQ
ANIX,"Anixa Biosciences, Inc. - Common Stock",NASDAQ
ANL,Adlai Nortye Group Ltd. - American Depositary Shares,NASDAQ
ANNA,"AleAnna, Inc. - Class A Common Stock",NASDAQ
ANNX,"Annexon, Inc. - common stock",NASDAQ
ANPA,Rich Sparkle Holdings Limited - Ordinary Shares,NASDAQ
ANRO,"Alto Neuroscience, Inc. Common Stock",NYSE
ANTA,Antalpha Platform Holding Company - Class A Ordinary Shares,NASDAQ
ANTX,"AN2 Therapeutics, Inc. - Common Stock",NASDAQ
ANVS,"Annovis Bio, Inc. Common Stock",NYSE
AOMR,"Angel Oak Mortgage REIT, Inc. Common Stock",NYSE
AON,Aon plc Class A Ordinary Shares (Ireland),NYSE
AORT,"Artivion, Inc. Common Stock",NYSE
AOS,A.O. Smith Corporation Common Stock,NYSE
AOSL,Alpha and Omega Semiconductor Limited - Common Shares,NASDAQ
AOUT,"American Outdoor Brands, Inc. - Common Stock",NASDAQ
AP,Ampco-Pittsburgh Corporation Common Stock,NYSE
APA,APA Corporation - Common Stock,NASDAQ
APAC,StoneBridge Acquisition II Corporation - Class A Ordinary Shares,NASDAQ
APAM,Artisan Partners Asset Management Inc. Class A Common Stock,NYSE
APC,ARKO Petroleum Corp. - Class A Common Stock,NASDAQ
APD,"Air Products and Chemicals, Inc. Common Stock",NYSE
APEI,"American Public Education, Inc. - Common Stock",NASDAQ
APG,APi Group Corporation Common Stock,NYSE
APH,Amphenol Corporation Common Stock,NYSE
API,"Agora, Inc. - ADS",NASDAQ
APLD,Applied Digital Corporation - Common Stock,NASDAQ
APLE,"Apple Hospitality REIT, Inc. Common Shares",NYSE
APLM,Apollomics Inc. - Class A Ordinary Shares,NASDAQ
APMC,AmperCap Acquisition Company - Ordinary Shares,NASDAQ
APMD,"Apnimed, Inc. - Common Stock",NASDAQ
APO,"Apollo Global Management, Inc. (New) Common Stock",NYSE
APOG,"Apogee Enterprises, Inc. - Common Stock",NASDAQ
APP,Applovin Corporation - Class A Common Stock,NASDAQ
APPF,"AppFolio, Inc. - Class A Common Stock",NASDAQ
APPN,Appian Corporation - Class A Common Stock,NASDAQ
APPS,"Digital Turbine, Inc. - Common Stock",NASDAQ
APRE,"Aprea Therapeutics, Inc. - Common Stock",NASDAQ
APT,"Alpha Pro Tech, Ltd. Common Stock",NYSE American
APTV,Aptiv PLC Ordinary Shares,NYSE
APUR,Aperture AC - Class A Ordinary Shares,NASDAQ
APUS,"Apimeds Pharmaceuticals US, Inc. Common Stock",NYSE American
APVO,Aptevo Therapeutics Inc. - Common Stock,NASDAQ
APWC,"Asia Pacific Wire & Cable Corporation Limited  - Common shares, Par value .01 per share",NASDAQ
APXT,Apex Treasury Corporation - Class A Ordinary Share,NASDAQ
APYX,Apyx Medical Corporation - Common Stock,NASDAQ
AQB,"AquaBounty Technologies, Inc. - Common Stock",NASDAQ
AQMS,"Aqua Metals, Inc. - Common Stock",NASDAQ
AQN,Algonquin Power & Utilities Corp. Common Shares,NYSE
AQST,"Aquestive Therapeutics, Inc. - Common Stock",NASDAQ
AR,Antero Resources Corporation Common Stock,NYSE
ARAI,Arrive AI Inc. - Common Stock,NASDAQ
ARAY,Accuray Incorporated - Common Stock,NASDAQ
ARBB,ARB IOT Group Limited - Ordinary Shares,NASDAQ
ARBE,Arbe Robotics Ltd. - Ordinary Shares,NASDAQ
ARBK,Argo Blockchain plc - American Depositary Shares,NASDAQ
ARCB,ArcBest Corporation - Common Stock,NASDAQ
ARCL,ARC Group Acquisition I Corp - Class A Ordinary Shares,NASDAQ
ARCO,Arcos Dorados Holdings Inc. Class A Shares,NYSE
ARCT,Arcturus Therapeutics Holdings Inc. - Common Stock,NASDAQ
ARDT,"Ardent Health, Inc. Common Stock",NYSE
ARDX,"Ardelyx, Inc. - Common Stock",NASDAQ
ARE,"Alexandria Real Estate Equities, Inc. Common Stock",NYSE
AREC,American Resources Corporation - Class A Common Stock,NASDAQ
ARES,Ares Management Corporation Class A Common Stock,NYSE
ARGX,argenx SE - American Depositary Shares,NASDAQ
ARHS,"Arhaus, Inc. - Class A Common Stock",NASDAQ
ARI,"Apollo Commercial Real Estate Finance, Inc",NYSE
ARIS,Aris Mining Corporation Common Shares,NYSE
ARKO,ARKO Corp. - Common Stock,NASDAQ
ARKR,Ark Restaurants Corp. - Common Stock,NASDAQ
ARL,"American Realty Investors, Inc. Common Stock",NYSE
ARLO,"Arlo Technologies, Inc. Common Stock",NYSE
ARM,Arm Holdings plc - American Depositary Shares,NASDAQ
ARMK,Aramark Common Stock,NYSE
ARMP,"Armata Pharmaceuticals, Inc. Common Stock",NYSE American
AROC,"Archrock, Inc. Common Stock",NYSE
AROW,Arrow Financial Corporation - Common Stock,NASDAQ
ARQ,"Arq, Inc. - Common Stock",NASDAQ
ARQQ,Arqit Quantum Inc. - Ordinary Shares,NASDAQ
ARQT,"Arcutis Biotherapeutics, Inc. - Common stock",NASDAQ
ARR,"ARMOUR Residential REIT, Inc.",NYSE
ARRY,"Array Technologies, Inc. - Common Stock",NASDAQ
ARTC,Art Technology Acquisition Corp. - Class A Ordinary Shares,NASDAQ
ARTL,"Artelo Biosciences, Inc. - Common Stock",NASDAQ
ARTNA,Artesian Resources Corporation - Class A Non-Voting Common Stock,NASDAQ
ARTV,"Artiva Biotherapeutics, Inc. - Common Stock",NASDAQ
ARTW,"Art's-Way Manufacturing Co., Inc. - Common Stock",NASDAQ
ARVN,"Arvinas, Inc. - Common Stock",NASDAQ
ARW,"Arrow Electronics, Inc. Common Stock",NYSE
ARWR,"Arrowhead Pharmaceuticals, Inc. - Common Stock",NASDAQ
ARX,Accelerant Holdings Class A Common Shares,NYSE
ARXS,"Arxis, Inc. - Class A Common Stock",NASDAQ
AS,"Amer Sports, Inc. Ordinary Shares",NYSE
ASA,ASA  Gold and Precious Metals Limited,NYSE
ASAN,"Asana, Inc. Class A Common Stock",NYSE
ASB,Associated Banc-Corp Common Stock,NYSE
ASBH,"American Savings Bank, N.A. Common Stock",NYSE
ASBP,"Aspire-Lakewood Holdings, Inc. - Common Stock",NASDAQ
ASC,Ardmore Shipping Corporation Common Stock,NYSE
ASH,Ashland Inc. Common Stock,NYSE
ASIC,Ategrity Specialty Insurance Company Holdings Common Stock,NYSE
ASIX,AdvanSix Inc. Common Stock,NYSE
ASLE,AerSale Corporation - Common Stock,NASDAQ
ASM,Avino Silver & Gold Mines Ltd. Common Shares (Canada),NYSE American
ASMB,"Assembly Biosciences, Inc. - Common Stock",NASDAQ
ASML,ASML Holding N.V. - New York Registry Shares,NASDAQ
ASND,Ascendis Pharma A/S - Ordinary Share,NASDAQ
ASO,"Academy Sports and Outdoors, Inc. - Common Stock",NASDAQ
ASPI,ASP Isotopes Inc. - Common Stock,NASDAQ
ASPN,"Aspen Aerogels, Inc. Common Stock",NYSE
ASPS,Altisource Portfolio Solutions S.A. - Common Stock,NASDAQ
ASR,"Grupo Aeroportuario del Sureste, S.A. de C.V. Common Stock",NYSE
ASRV,AmeriServ Financial Inc. - Common Stock,NASDAQ
ASST,"Strive, Inc. - Class A Common Stock",NASDAQ
ASTC,Astrotech Corporation - Common Stock,NASDAQ
ASTE,"Astec Industries, Inc. - Common Stock",NASDAQ
ASTH,Astrana Health Inc. - Common Stock,NASDAQ
ASTI,"Ascent Solar Technologies, Inc - Common Stock",NASDAQ
ASTL,Algoma Steel Group Inc. - Common Shares,NASDAQ
ASTS,"AST SpaceMobile, Inc. - Class A Common Stock",NASDAQ
ASUR,Asure Software Inc - Common Stock,NASDAQ
ASX,"ASE Technology Holding Co., Ltd. American Depositary Shares (each representing Two Common Shares)",NYSE
ASYS,"Amtech Systems, Inc. - Common Stock",NASDAQ
ATAT,Atour Lifestyle Holdings Limited - American Depositary Shares,NASDAQ
ATCH,"AtlasClear Holdings, Inc. Common Stock",NYSE American
ATCX,Atlas Critical Minerals Corporation - Common Stock,NASDAQ
ATEC,"Alphatec Holdings, Inc. - Common Stock",NASDAQ
ATEN,"A10 Networks, Inc. Common Stock",NYSE
ATER,"Aterian, Inc. - Common Stock",NASDAQ
ATEX,Anterix Inc. - Common Stock,NASDAQ
ATGL,Alpha Technology Group Limited - Class A Ordinary Shares,NASDAQ
ATHE,Alterity Therapeutics Limited - American Depositary Shares,NASDAQ
ATHM,"Autohome Inc. American Depositary Shares, each representing four class A ordinary shares.",NYSE
ATHR,"Aether Holdings, Inc. - Common Stock",NASDAQ
ATI,ATI Inc. Common Stock,NYSE
ATKR,Atkore Inc. Common Stock,NYSE
ATLC,Atlanticus Holdings Corporation - Common Stock,NASDAQ
ATLO,Ames National Corporation - Common Stock,NASDAQ
ATLQ,JAB Acquisition Corp I - Class A Ordinary Shares,NASDAQ
ATLX,Atlas Lithium Corporation - Common Stock,NASDAQ
ATMU,Atmus Filtration Technologies Inc. Common Stock,NYSE
ATNI,"ATN International, Inc. - Common Stock",NASDAQ
ATNM,"Actinium Pharmaceuticals, Inc. (Delaware) Common Stock",NYSE American
ATO,Atmos Energy Corporation Common Stock,NYSE
ATOM,Atomera Incorporated - Common Stock,NASDAQ
ATOS,"Atossa Therapeutics, Inc. - Common Stock",NASDAQ
ATPC,Agape ATP Corporation - Common Stock,NASDAQ
ATR,"AptarGroup, Inc. Common Stock",NYSE
ATRA,"Atara Biotherapeutics, Inc. - Common Stock",NASDAQ
ATRC,"AtriCure, Inc. - Common Stock",NASDAQ
ATRO,Astronics Corporation - Common Stock,NASDAQ
ATS,ATS Corporation Common Shares,NYSE
ATTO,"Attovia Therapeutics, Inc. - Common Stock",NASDAQ
ATTT,Atlas Trinity Tech Limited - Ordinary Shares,NASDAQ
ATXG,Addentax Group Corp. - Common Stock,NASDAQ
ATYR,"aTyr Pharma, Inc. - Common Stock",NASDAQ
AU,AngloGold Ashanti PLC Ordinary Shares,NYSE
AUB,Atlantic Union Bankshares Corporation Common Stock,NYSE
AUBN,"Auburn National Bancorporation, Inc. - Common Stock",NASDAQ
AUC,ATIF Holdings Limited - Ordinary Shares,NASDAQ
AUDC,AudioCodes Ltd. - Ordinary Shares,NASDAQ
AUGO,Aura Minerals Inc. - Common Shares,NASDAQ
AUID,authID Inc. - Common Stock,NASDAQ
AUNA,Auna SA Class A Ordinary Shares,NYSE
AUPH,Aurinia Pharmaceuticals Inc - Common Shares,NASDAQ
AUR,"Aurora Innovation, Inc.  - Class A Common Stock",NASDAQ
AURA,"Aura Biosciences, Inc. - Common Stock",NASDAQ
AURE,Aurelion Inc.  - Class A Ordinary Shares,NASDAQ
AUST,Austin Gold Corp. Common Shares,NYSE American
AUTL,Autolus Therapeutics plc - American Depositary Shares,NASDAQ
AUUD,Auddia Inc. - Common Stock,NASDAQ
AUXX,Gold X2 Mining Inc. Common Shares,NYSE American
AVA,Avista Corporation Common Stock,NYSE
AVAH,Aveanna Healthcare Holdings Inc. - Common Stock,NASDAQ
AVAT,Avalanche Treasury Corporation - Class A Common Stock,NASDAQ
AVAV,"AeroVironment, Inc. - Common Stock",NASDAQ
AVBC,"Avidia Bancorp, Inc. Common Stock",NYSE
AVBH,"Avidbank Holdings, Inc. - Common Stock",NASDAQ
AVBP,"ArriVent BioPharma, Inc. - Common Stock",NASDAQ
AVD,American Vanguard Corporation Common Stock ($0.10 Par Value),NYSE
AVEX,AEVEX Corp. Class A Common Stock,NYSE
AVGO,Broadcom Inc. - Common Stock,NASDAQ
AVIR,"Atea Pharmaceuticals, Inc. - common stock",NASDAQ
AVLN,Avalyn Pharma Inc. - common stock,NASDAQ
AVNT,Avient Corporation Common Stock,NYSE
AVNW,"Aviat Networks, Inc. - Common Stock",NASDAQ
AVO,"Mission Produce, Inc. - Common Stock",NASDAQ
AVPT,"AvePoint, Inc. - Class A Common Stock",NASDAQ
AVR,Anteris Technologies Global Corp. - Common Stock,NASDAQ
AVT,"Avnet, Inc. - Common Stock",NASDAQ
AVTR,"Avantor, Inc. Common Stock",NYSE
AVTX,"Avalo Therapeutics, Inc. - Common Stock",NASDAQ
AVX,Avax One Technology Ltd. - Common Shares,NASDAQ
AVXL,Anavex Life Sciences Corp. - Common Stock,NASDAQ
AVY,Avery Dennison Corporation Common Stock,NYSE
AWI,Armstrong World Industries Inc Common Stock,NYSE
AWK,"American Water Works Company, Inc. Common Stock",NYSE
AWR,American States Water Company Common Stock,NYSE
AWRE,"Aware, Inc. - Common Stock",NASDAQ
AWX,Avalon Holdings Corporation Common Stock,NYSE American
AX,"Axos Financial, Inc. Common Stock",NYSE
AXG,Solowin Holdings - Class A Ordinary Share,NASDAQ
AXGN,"Axogen, Inc. - Common Stock",NASDAQ
AXIL,"AXIL Brands, Inc. Common Stock",NYSE American
AXIN,Axiom Intelligence Acquisition Corp 1 - Class A Ordinary Shares,NASDAQ
AXON,"Axon Enterprise, Inc. - Common Stock",NASDAQ
AXP,American Express Company Common Stock,NYSE
AXR,AMREP Corporation Common Stock,NYSE
AXS,Axis Capital Holdings Limited Common Stock,NYSE
AXSM,"Axsome Therapeutics, Inc. - Common Stock",NASDAQ
AXTA,Axalta Coating Systems Ltd. Common Shares,NYSE
AXTI,AXT Inc - Common Stock,NASDAQ
AYA,Aya Gold & Silver Inc. - Common Shares,NASDAQ
AYI,Acuity Inc. Common Stock,NYSE
AYTU,"Aytu BioPharma, Inc.  - Common Stock",NASDAQ
AZ,A2Z Cust2Mate Solutions Corp. - Common Shares,NASDAQ
AZI,Autozi Internet Technology (Global) Ltd. - Class A Ordinary Shares,NASDAQ
AZIO,"Azio AI Holdings, Inc. - Common stock",NASDAQ
AZN,AstraZeneca PLC Ordinary Shares,NYSE
AZO,"AutoZone, Inc. Common Stock",NYSE
AZTA,"Azenta, Inc. - Common Stock",NASDAQ
AZTR,Azitra Inc Common Stock,NYSE American
AZUL,"Azul S.A. American Depositary Shares, each representing two (2) Common Shares",NYSE
AZZ,AZZ Inc.,NYSE
B,Barrick Mining Corporation Common Shares,NYSE
BA,Boeing Company (The) Common Stock,NYSE
BABA,Alibaba Group Holding Limited American Depositary Shares each representing eight Ordinary share,NYSE
BAC,Bank of America Corporation Common Stock,NYSE
BACC,Blue Acquisition Corp. - Class A Ordinary Shares,NASDAQ
BAER,"Bridger Aerospace Group Holdings, Inc. - Common Stock",NASDAQ
BAFN,BayFirst Financial Corp. - Common Stock,NASDAQ
BAH,Booz Allen Hamilton Holding Corporation Common Stock,NYSE
BAK,Braskem SA ADR,NYSE
BALL,Ball Corporation Common Stock,NYSE
BALY,Bally's Corporation Common Stock,NYSE
BAM,Brookfield Asset Management Inc Class A Limited Voting Shares,NYSE
BANC,"Banc of California, Inc. Common Stock",NYSE
BAND,Bandwidth Inc. - Class A Common Stock,NASDAQ
BANF,BancFirst Corporation - Common Stock,NASDAQ
BANL,CBL International Limited - Class B Ordinary Shares,NASDAQ
BANR,Banner Corporation - Common Stock,NASDAQ
BAOS,Baosheng Media Group Holdings Limited - Ordinary shares,NASDAQ
BAP,Credicorp Ltd. Common Stock,NYSE
BARK,"BARK, Inc. Class A Common Stock",NYSE
BATL,Battalion Oil Corporation Common Stock,NYSE American
BATRA,"Atlanta Braves Holdings, Inc. - Series A Common Stock",NASDAQ
BATRK,"Atlanta Braves Holdings, Inc. - Series C Common Stock",NASDAQ
BAX,Baxter International Inc. Common Stock,NYSE
BB,BlackBerry Limited Common Stock,NYSE
BBAI,"BigBear.ai, Inc. Common Stock",NYSE
BBAR,Banco BBVA Argentina S.A. ADS,NYSE
BBCP,"Concrete Pumping Holdings, Inc.  - Common Stock",NASDAQ
BBD,Banco Bradesco Sa American Depositary Shares,NYSE
BBDC,"Barings BDC, Inc. Common Stock",NYSE
BBDO,Banco Bradesco Sa American Depositary Shares (each representing one Common Share),NYSE
BBGI,"Beasley Broadcast Group, Inc. - Class A Common Stock",NASDAQ
BBIO,"BridgeBio Pharma, Inc. - Common Stock",NASDAQ
BBLG,Bone Biologics Corp - Common Stock,NASDAQ
BBNX,"Beta Bionics, Inc. - Common Stock",NASDAQ
BBOT,"BridgeBio Oncology Therapeutics, Inc. - Common Stock",NASDAQ
BBSI,"Barrett Business Services, Inc. - Common Stock",NASDAQ
BBT,Beacon Financial Corporation Common stock,NYSE
BBUC,Brookfield Business Corporation Class A Subordinate Voting Shares,NYSE
BBVA,Banco Bilbao Vizcaya Argentaria S.A. Common Stock,NYSE
BBW,"Build-A-Bear Workshop, Inc. Common Stock",NYSE
BBWI,"Bath & Body Works, Inc.",NYSE
BBY,"Best Buy Co., Inc. Common Stock",NYSE
BC,Brunswick Corporation Common Stock,NYSE
BCAL,California BanCorp - Common Stock,NASDAQ
BCAX,Bicara Therapeutics Inc. - Common Stock,NASDAQ
BCBP,"BCB Bancorp, Inc. (NJ) - Common Stock",NASDAQ
BCC,"Boise Cascade, L.L.C. Common Stock",NYSE
BCCQ,Bleichroeder Acquisition Corp. III - Class A Ordinary Shares,NASDAQ
BCDA,"BioCardia, Inc. - Common Stock",NASDAQ
BCE,"BCE, Inc. Common Stock",NYSE
BCG,"Binah Capital Group, Inc. - Common Stock",NASDAQ
BCH,Banco De Chile ADS,NYSE
BCHT,Birchtech Corp. Common Stock,NYSE American
BCML,BayCom Corp - Common Stock,NASDAQ
BCO,Brinks Company (The) Common Stock,NYSE
BCPC,Balchem Corporation - Common Stock,NASDAQ
BCRX,"BioCryst Pharmaceuticals, Inc. - Common Stock",NASDAQ
BCS,Barclays PLC Common Stock,NYSE
BCSF,"Bain Capital Specialty Finance, Inc. Common Stock",NYSE
BCSS,Bain Capital GSS Investment Corp. Class A Ordinary Shares,NYSE
BCTX,BriaCell Therapeutics Corp. - Common Shares,NASDAQ
BCX,BlackRock Resources Common Shares of Beneficial Interest,NYSE
BCYC,Bicycle Therapeutics plc - American Depositary Shares,NASDAQ
BDC,Belden Inc Common Stock,NYSE
BDCI,BTC Development Corp. - Class A Ordinary Shares,NASDAQ
BDJ,Blackrock Enhanced Equity Dividend Trust,NYSE
BDL,"Flanigan's Enterprises, Inc. Common Stock",NYSE American
BDMD,Baird Medical Investment Holdings Ltd - Ordinary Share,NASDAQ
BDN,Brandywine Realty Trust Common Stock,NYSE
BDRX,Biodexa Pharmaceuticals plc - American Depositary Shares,NASDAQ
BDSX,"Biodesix, Inc. - Common Stock",NASDAQ
BDTX,"Black Diamond Therapeutics, Inc. - Common Stock",NASDAQ
BDX,"Becton, Dickinson and Company Common Stock",NYSE
BE,Bloom Energy Corporation Class A Common Stock,NYSE
BEAG,Bold Eagle Acquisition Corp. - Class A Ordinary Shares,NASDAQ
BEAM,Beam Therapeutics Inc. - Common Stock,NASDAQ
BEAT,"Heartbeam, Inc. - Common Stock",NASDAQ
BEBE,TGE Value Creative Solutions Corp Class A Ordinary Shares,NYSE
BEEM,Beam Global - Common Stock,NASDAQ
BEEP,Mobile Infrastructure Corporation - Common Stock,NASDAQ
BEKE,KE Holdings Inc American Depositary Shares (each representing three Class A Ordinary Shares),NYSE
BELFA,Bel Fuse Inc. - Class A Common Stock,NASDAQ
BELFB,Bel Fuse Inc. - Class B Common Stock,NASDAQ
BEN,"Franklin Templeton, Inc. Common Stock",NYSE
BENF,Beneficient - Class A Common Stock,NASDAQ
BEPC,Brookfield Renewable Corporation Brookfield Renewable Corporation Class A Subordinate Voting Shares,NYSE
BESS,Bimergen Energy Corporation Common Stock,NYSE American
BETA,"Beta Technologies, Inc. Class A Common Stock",NYSE
BETR,Better Home & Finance Holding Company - Class A Common Stock,NASDAQ
BF-A,Brown Forman Inc Class A Common Stock,NYSE
BF-B,Brown Forman Inc Class B Common Stock,NYSE
BFAM,Bright Horizons Family Solutions Inc. Common Stock,NYSE
BFC,Bank First Corporation - Common Stock,NASDAQ
BFH,"Bread Financial Holdings, Inc. Common Stock",NYSE
BFLY,"Butterfly Network, Inc. Class A Common Stock",NYSE
BFRG,"Bullfrog AI Holdings, Inc. - Common Stock",NASDAQ
BFRI,Biofrontera Inc. - Common Stock,NASDAQ
BFS,"Saul Centers, Inc. Common Stock",NYSE
BFST,"Business First Bancshares, Inc. - Common Stock",NASDAQ
BG,Bunge Limited Common Shares,NYSE
BGC,"BGC Group, Inc. - Class A Common Stock",NASDAQ
BGDE,"Big Digital Energy, Inc. - Common Stock",NASDAQ
BGIN,Bgin Blockchain Limited - Class A Ordinary Shares,NASDAQ
BGL,Blue Gold Limited - Class A ordinary shares,NASDAQ
BGLC,BioNexus Gene Lab Corp - Common stock,NASDAQ
BGM,BGM Group Ltd. - Class A Ordinary Shares,NASDAQ
BGMS,"Bio Green Med Solution, Inc. - Common Stock",NASDAQ
BGR,BlackRock Energy and Resources Trust,NYSE
BGS,"B&G Foods, Inc. Common Stock",NYSE
BGSF,"BGSF, Inc. Common Stock",NYSE
BGSI,Boyd Group Services Inc. Common Shares,NYSE
BGY,Blackrock Enhanced International Dividend Trust,NYSE
BH,Biglari Holdings Inc. Class B Common Stock,NYSE
BH-A,Biglari Holdings Inc. Class A Common Stock,NYSE
BHAV,BHAV Acquisition Corp - Class A Ordinary Shares,NASDAQ
BHB,"Bar Harbor Bankshares, Inc. Common Stock",NYSE American
BHC,Bausch Health Companies Inc. Common Stock,NYSE
BHE,"Benchmark Electronics, Inc. Common Stock",NYSE
BHF,"Brighthouse Financial, Inc. - Common Stock",NASDAQ
BHM,"Bluerock Homes Trust, Inc. Class A Common Stock",NYSE American
BHP,BHP Group Limited American Depositary Shares (Each representing two Ordinary Shares),NYSE
BHR,Braemar Hotels & Resorts Inc. Common Stock,NYSE
BHRB,Burke & Herbert Financial Services Corp. - Common Stock,NASDAQ
BHST,BioHarvest Sciences Inc. - Common Stock,NASDAQ
BHVN,Biohaven Ltd. Common Shares,NYSE
BIAF,"bioAffinity Technologies, Inc. - Common Stock",NASDAQ
BID,Tribeca Strategic Acquisition Corp. - Class A Ordinary Shares,NASDAQ
BIDU,"Baidu, Inc. - American Depositary Shares, each representing 8 ordinary share",NASDAQ
BIIB,Biogen Inc. - Common Stock,NASDAQ
BIII,Black Spade Acquisition III Co Class A Ordinary Shares,NYSE
BILI,Bilibili Inc. - American Depositary Shares,NASDAQ
BILL,"BILL Holdings, Inc. Common Stock",NYSE
BIO,"Bio-Rad Laboratories, Inc. Class A Common Stock",NYSE
BIO-B,"Bio-Rad Laboratories, Inc. Class B  Common Stock",NYSE
BIOA,"BioAge Labs, Inc. - Common Stock",NASDAQ
BIOT,Instinct Bio Technical Company Holdings Inc. - Common stock,NASDAQ
BIOX,Bioceres Crop Solutions Corp. - Ordinary Shares,NASDAQ
BIPC,Brookfield Infrastructure Corporation Brookfield Infrastructure Corporation,NYSE
BIRD,"Smartbird, Inc. - Class A Common Stock",NASDAQ
BIRK,Birkenstock Holding plc Ordinary Shares,NYSE
BIVI,BioVie Inc. - Common stock,NASDAQ
BIXI,Bitcoin Infrastructure Acquisition Corp Ltd. - Class A Ordinary Shares,NASDAQ
BIYA,Baiya International Group Inc.  - Ordinary Shares,NASDAQ
BJ,"BJ's Wholesale Club Holdings, Inc. Common Stock",NYSE
BJDX,"Bluejay Diagnostics, Inc. - Common Stock",NASDAQ
BJRI,"BJ's Restaurants, Inc. - Common Stock",NASDAQ
BKD,Brookdale Senior Living Inc. Common Stock,NYSE
BKE,"Buckle, Inc. (The) Common Stock",NYSE
BKH,Black Hills Corporation Common Stock,NYSE
BKHA,Black Hawk Acquisition Corporation - Class A Ordinary Shares,NASDAQ
BKKT,"Bakkt, Inc. Class A Common Stock",NYSE
BKNG,Booking Holdings Inc. - Common Stock,NASDAQ
BKR,Baker Hughes Company - Common Stock,NASDAQ
BKSY,BlackSky Technology Inc. Class A Common Stock,NYSE
BKTI,BK Technologies Corporation Common Stock,NYSE American
BKU,"BankUnited, Inc. Common Stock",NYSE
BKV,BKV Corporation Common Stock,NYSE
BKYI,"BIO-key International, Inc. - Common Stock",NASDAQ
BL,"BlackLine, Inc. - Common Stock",NASDAQ
BLBD,Blue Bird Corporation - Common Stock,NASDAQ
BLCO,Bausch + Lomb Corporation Common Shares,NYSE
BLDP,"Ballard Power Systems, Inc. - Common Shares",NASDAQ
BLDR,"Builders FirstSource, Inc. Common Stock",NYSE
BLFS,"BioLife Solutions, Inc. - Common Stock",NASDAQ
BLIN,"Bridgeline Digital, Inc. - Common Stock",NASDAQ
BLIV,BeLive Holdings - ordinary shares,NASDAQ
BLK,"BlackRock, Inc. Common Stock",NYSE
BLKB,"Blackbaud, Inc. - Common Stock",NASDAQ
BLLN,"BillionToOne, Inc. - Class A common stock",NASDAQ
BLMN,"Bloomin' Brands, Inc. - Common Stock",NASDAQ
BLND,"Blend Labs, Inc. Class A Common Stock",NYSE
BLNE,"Beeline Holdings, Inc. - Common Stock",NASDAQ
BLNK,Blink Charging Co. - Common Stock,NASDAQ
BLRK,Bluerock Acquisition Corp. - Class A Ordinary Shares,NASDAQ
BLRX,BioLineRx Ltd. - American Depositary Shares,NASDAQ
BLSH,Bullish Ordinary Shares,NYSE
BLSM,"BlossomHill Therapeutics, Inc. - Common Stock",NASDAQ
BLTE,"Belite Bio, Inc - American Depositary Shares",NASDAQ
BLUW,Blue Water Acquisition Corp. III - Class A Ordinary Shares,NASDAQ
BLX,"Bladex, Inc. Class E Common Stock",NYSE
BLZE,"Backblaze, Inc. - Common Stock",NASDAQ
BLZR,Trailblazer Acquisition Corp. - Class A Ordinary Shares,NASDAQ
BMA,Banco Macro S.A.  ADR (representing Ten Class B Common Shares),NYSE
BMBL,Bumble Inc. - common stock,NASDAQ
BMEA,"Biomea Fusion, Inc. - Common Stock",NASDAQ
BMGL,Basel Medical Group Ltd - ordinary shares,NASDAQ
BMHL,Bluemount Holdings Limited - Class B Ordinary Shares,NASDAQ
BMI,"Badger Meter, Inc. Common Stock",NYSE
BMM,Blue Moon Metals Inc. - Common Shares,NASDAQ
BMNR,"BitMine Immersion Technologies, Inc. Common Stock",NYSE
BMO,Bank Of Montreal Common Stock,NYSE
BMR,Beamr Imaging Ltd. - Ordinary Share,NASDAQ
BMRA,"Biomerica, Inc. - Common Stock",NASDAQ
BMRC,Bank of Marin Bancorp - Common Stock,NASDAQ
BMRN,BioMarin Pharmaceutical Inc. - Common Stock,NASDAQ
BMY,Bristol-Myers Squibb Company Common Stock,NYSE
BN,Brookfield Corporation Class A Limited Voting Shares,NYSE
BNAI,Brand Engagement Network Inc. - Common Stock,NASDAQ
BNC,CEA Industries Inc. - Common Stock,NASDAQ
BNED,"Barnes & Noble Education, Inc Common Stock",NYSE
BNGO,"Bionano Genomics, Inc. - Common Stock",NASDAQ
BNKK,"Bonk, Inc. - Common Stock",NASDAQ
BNL,"Broadstone Net Lease, Inc. Common Stock",NYSE
BNR,Burning Rock Biotech Limited - American Depositary Shares,NASDAQ
BNS,Bank Nova Scotia Halifax Pfd 3 Ordinary Shares,NYSE
BNT,Brookfield Wealth Solutions Ltd. Class A Exchangeable Limited Voting Shares,NYSE
BNTC,Benitec Biopharma Inc. - Common Stock,NASDAQ
BNTX,BioNTech SE - American Depositary Shares,NASDAQ
BNY,The Bank of New York Mellon Corporation Common Stock,NYSE
BOBS,"Bob's Discount Furniture, Inc. Common Stock",NYSE
BOC,Boston Omaha Corporation Class A Common Stock,NYSE
BODI,"The Beachbody Company, Inc. - Class A Common Stock",NASDAQ
BOE,Blackrock Enhanced Global Dividend Trust Common Shares of Beneficial Interest,NYSE
BOF,BranchOut Food Inc. - Common Stock,NASDAQ
BOH,Bank of Hawaii Corporation Common Stock,NYSE
BOKF,BOK Financial Corporation - Common Stock,NASDAQ
BOLD,"Boundless Bio, Inc. - Common Stock",NASDAQ
BOLT,"Bolt Biotherapeutics, Inc. - Common Stock",NASDAQ
BON,Bon Natural Life Limited - Class A Ordinary Shares,NASDAQ
BOOM,DMC Global Inc. - Common Stock,NASDAQ
BOOT,"Boot Barn Holdings, Inc. Common Stock",NYSE
BORR,Borr Drilling Limited Common Shares,NYSE
BOSC,B.O.S. Better Online Solutions - Ordinary Shares,NASDAQ
BOT,"RoboStrategy, Inc. - Common Stock",NASDAQ
BOTJ,"Bank of the James Financial Group, Inc. - Common Stock",NASDAQ
BOW,Bowhead Specialty Holdings Inc. Common Stock,NYSE
BOX,"Box, Inc. Class A Common Stock",NYSE
BOXL,Boxlight Corporation - Class A Common Stock,NASDAQ
BP,BP p.l.c. Common Stock,NYSE
BPAC,Blueport Acquisition Ltd - Class A Ordinary Shares,NASDAQ
BPOP,"Popular, Inc. - Common Stock",NASDAQ
BPRN,"Princeton Bancorp, Inc. - Common Stock",NASDAQ
BQ,Boqii Holding Limited Class A Ordinary Shares,NYSE American
BR,"Broadridge Financial Solutions, Inc. Common Stock",NYSE
BRAG,Bragg Gaming Group Inc. - Common Shares,NASDAQ
BRAI,Braiin Limited - Common Stock,NASDAQ
BRBI,BRBI BR Partners S.A. - ADSs,NASDAQ
BRBR,"BellRing Brands, Inc. Common Stock",NYSE
BRBS,"Blue Ridge Bankshares, Inc. Common Stock",NYSE American
BRC,Brady Corporation Common Stock,NYSE
BRCB,"Black Rock Coffee Bar, Inc. - Class A Common Stock",NASDAQ
BRCC,BRC Inc. Class A Common Stock,NYSE
BREZ,Breeze Acquisition Corp. II - Ordinary Shares,NASDAQ
BRFH,Barfresh Food Group Inc. - Common Stock,NASDAQ
BRIA,BrilliA Inc Class A Ordinary Shares,NYSE American
BRID,Bridgford Foods Corporation - Common Stock,NASDAQ
BRK-A,Berkshire Hathaway Inc. Common Stock,NYSE
BRK-B,Berkshire Hathaway Inc. New Common Stock,NYSE
BRKH,Burtech Acquisition Corp II - Class A Ordinary Shares,NASDAQ
BRKR,Bruker Corporation - Common Stock,NASDAQ
BRLS,Borealis Foods Inc. - Class A Common Shares,NASDAQ
BRLT,"Brilliant Earth Group, Inc. - Class A Common Stock",NASDAQ
BRN,"Barnwell Industries, Inc. Common Stock",NYSE American
BRNX,BrenX Ltd. - Ordinary Shares,NASDAQ
BRO,"Brown & Brown, Inc. Common Stock",NYSE
BROS,Dutch Bros Inc. Class A Common Stock,NYSE
BRSL,"Brightstar Lottery PLC Trading under the Legal Name to begin at the market open on July 21, 2025. Ordinary Shares",NYSE
BRSP,"BrightSpire Capital, Inc. Class A Common Stock",NYSE
BRT,BRT Apartments Corp. (MD) Common Stock,NYSE
BRTM,B&R Technology Merger Corp. - Class A Ordinary Shares,NASDAQ
BRTX,"BioRestorative Therapies, Inc. - Common Stock",NASDAQ
BRUN,Boost Run Inc. - Class A Common Stock,NASDAQ
BRVE,"Braveheart Bio, Inc. - Common Stock",NASDAQ
BRX,Brixmor Property Group Inc. Common Stock,NYSE
BRZE,"Braze, Inc. - Class A Common Stock",NASDAQ
BSAC,Banco Santander - Chile ADS,NYSE
BSBK,Bogota Financial Corp. - Common Stock,NASDAQ
BSEM,"BioStem Technologies, Inc. - Common Stock",NASDAQ
BSET,"Bassett Furniture Industries, Incorporated - Common Stock",NASDAQ
BSIN,Big Sky Industrial Inc. - Common Stock,NASDAQ
BSP,Bending Spoons S.p.A. - Ordinary Shares,NASDAQ
BSRR,Sierra Bancorp - Common Stock,NASDAQ
BSVN,Bank7 Corp. - Common stock,NASDAQ
BSX,Boston Scientific Corporation Common Stock,NYSE
BSY,"Bentley Systems, Incorporated - Class B Common Stock",NASDAQ
BTBD,"BT Brands, Inc. - Common Stock",NASDAQ
BTBT,"Bit Digital, Inc. - Ordinary Share",NASDAQ
BTCS,BTCS Inc. - Common Stock,NASDAQ
BTCT,BTC Digital Ltd. - Ordinary Shares,NASDAQ
BTDR,Bitdeer Technologies Group - Ordinary Shares,NASDAQ
BTE,Baytex Energy Corp Common Shares,NYSE
BTG,B2Gold Corp Common shares (Canada),NYSE American
BTGO,"BitGo Holdings, Inc. Class A Common Stock",NYSE
BTI,"British American Tobacco  Industries, p.l.c. Common Stock ADR",NYSE
BTLN,"Brightline Interactive, Inc. - Common Stock",NASDAQ
BTMD,Biote Corp. - Class A common stock,NASDAQ
BTOC,Armlogi Holding Corp. - common stock,NASDAQ
BTQ,BTQ Technologies Corp. - Common Stock,NASDAQ
BTSG,"BrightSpring Health Services, Inc. - Common Stock",NASDAQ
BTTC,Black Titan Corp - Ordinary Shares,NASDAQ
BTU,Peabody Energy Corporation Common Stock,NYSE
BUD,Anheuser-Busch Inbev SA Sponsored ADR (Belgium),NYSE
BUDA,"Buda Juice, Inc. Common Stock",NYSE American
BULL,Webull Corporation - Class A Ordinary Shares,NASDAQ
BUR,Burford Capital Limited Ordinary Shares,NYSE
BURL,"Burlington Stores, Inc. Common Stock",NYSE
BURU,"Nuburu, Inc. Common Stock",NYSE American
BUSE,First Busey Corporation - Common Stock,NASDAQ
BUUU,BUUU Group Limited - Class A Ordinary Share,NASDAQ
BV,"BrightView Holdings, Inc. Common Stock",NYSE
BVC,BitVentures Limited - Ordinary Share,NASDAQ
BVFL,"BV Financial, Inc. - Common Stock",NASDAQ
BVN,Buenaventura Mining Company Inc.,NYSE
BVS,Bioventus Inc. - Class A Common Stock,NASDAQ
BW,"Babcock & Wilcox Enterprises, Inc. Common Stock",NYSE
BWA,BorgWarner Inc. Common Stock,NYSE
BWAY,BrainsWay Ltd. - American Depositary Shares,NASDAQ
BWB,"Bridgewater Bancshares, Inc. - Common Stock",NASDAQ
BWEN,"Broadwind, Inc. - Common Stock",NASDAQ
BWFG,"Bankwell Financial Group, Inc. - Common Stock",NASDAQ
BWIN,"The Baldwin Insurance Group, Inc. - Class A Common Stock",NASDAQ
BWIV,Blue Water Acquisition Corp. IV Class A Ordinary Shares,NYSE
BWLP,BW LPG Limited Common Shares,NYSE
BWMN,Bowman Consulting Group Ltd. - Common Stock,NASDAQ
BWMX,"Betterware de Mexico, S.A.P.I. de C.V. Ordinary Shares",NYSE
BWXT,"BWX Technologies, Inc. Common Stock",NYSE
BX,Blackstone Inc. Common Stock,NYSE
BXBL,"BOXABL, Inc.  - Common stock",NASDAQ
BXC,Bluelinx Holdings Inc. Common Stock,NYSE
BXDC,Blackstone Digital Infrastructure Trust Inc. Common Stock,NYSE
BXMT,"Blackstone Mortgage Trust, Inc. Common Stock",NYSE
BXP,"BXP, Inc. Common Stock",NYSE
BY,"Byline Bancorp, Inc. Common Stock",NYSE
BYAH,"Park Ha Biological Technology Co., Ltd. - Class A Ordinary Shares",NASDAQ
BYD,Boyd Gaming Corporation Common Stock,NYSE
BYFC,Broadway Financial Corporation - Class A Common Stock,NASDAQ
BYND,"Beyond Meat, Inc. - Common stock",NASDAQ
BYRN,"Byrna Technologies, Inc. - Common Stock",NASDAQ
BYSI,"BeyondSpring, Inc. - Ordinary Shares",NASDAQ
BZ,KANZHUN LIMITED - American Depository Shares,NASDAQ
BZAI,"Blaize Holdings, Inc. - Common Stock",NASDAQ
BZFD,"BuzzFeed, Inc. - Class A Common Stock",NASDAQ
BZH,"Beazer Homes USA, Inc. Common Stock",NYSE
BZUN,Baozun Inc. - American Depositary Shares,NASDAQ
C,"Citigroup, Inc. Common Stock",NYSE
CAAP,Corporacion America Airports SA Common Shares,NYSE
CAAS,"China Automotive Systems, Inc. - Ordinary Share",NASDAQ
CABA,"Cabaletta Bio, Inc. - Common Stock",NASDAQ
CABO,"Cable One, Inc. Common Stock",NYSE
CABR,"Caring Brands, Inc. - Common Stock",NASDAQ
CAC,Camden National Corporation - Common Stock,NASDAQ
CACC,Credit Acceptance Corporation - Common Stock,NASDAQ
CACI,"CACI International, Inc. Class A Common Stock",NYSE
CADL,"Candel Therapeutics, Inc. - Common Stock",NASDAQ
CAE,CAE Inc - Common Shares,NASDAQ
CAES,"Cantor Equity Partners VII, Inc. - Class A Ordinary Shares",NASDAQ
CAG,"ConAgra Brands, Inc. Common Stock",NYSE
CAH,"Cardinal Health, Inc. Common Stock",NYSE
CAI,"Caris Life Sciences, Inc. - Common Stock",NASDAQ
CAII,Collective Acquisition Corp. II - Class A Ordinary Shares,NASDAQ
CAKE,The Cheesecake Factory Incorporated - Common Stock,NASDAQ
CAL,"Caleres, Inc. Common Stock",NYSE
CALC,"CalciMedica, Inc. - Common Stock",NASDAQ
CALM,"Cal-Maine Foods, Inc. - Common Stock",NASDAQ
CALX,"Calix, Inc Common Stock",NYSE
CALY,Callaway Golf Company Common Stock,NYSE
CAMP,CAMP4 Therapeutics Corporation - Common Stock,NASDAQ
CAMT,Camtek Ltd. - Ordinary Shares,NASDAQ
CAN,Canaan Inc. - American Depositary Shares,NASDAQ
CANF,"Can-Fite Biopharma Ltd American Depositary Shares, each representing two (2) Ordinary Shares",NYSE American
CANG,Cango Inc. Class A Ordinary Shares,NYSE
CAPN,Cayson Acquisition Corp - Ordinary Shares,NASDAQ
CAPR,"Capricor Therapeutics, Inc. - Common Stock",NASDAQ
CAPS,Capstone Holding Corp. - Common Stock,NASDAQ
CAQ,Cambridge Acquisition Corp. - Class A Ordinary Shares,NASDAQ
CAR,"Avis Budget Group, Inc. - Common Stock",NASDAQ
CARE,"Carter Bankshares, Inc. - Common Stock",NASDAQ
CARG,"CarGurus, Inc. - Class A Common Stock",NASDAQ
CARL,"Carlsmed, Inc. - Common Stock",NASDAQ
CARR,Carrier Global Corporation Common Stock,NYSE
CARS,Cars.com Inc. Common Stock,NYSE
CART,Maplebear Inc. - Common Stock,NASDAQ
CASH,"Pathward Financial, Inc. - Common Stock",NASDAQ
CASS,"Cass Information Systems, Inc - Common Stock",NASDAQ
CAST,"FreeCast, Inc. - Class A common stock",NASDAQ
CASY,"Caseys General Stores, Inc. - Common Stock",NASDAQ
CAT,"Caterpillar, Inc. Common Stock",NYSE
CATL,Catalyst Acquisition Corp. - Class A Ordinary Share,NASDAQ
CATO,Cato Corporation (The) Class A Common Stock,NYSE
CATX,"Perspective Therapeutics, Inc. Common Stock",NYSE American
CATY,Cathay General Bancorp - Common Stock,NASDAQ
CAVA,"CAVA Group, Inc. Common Stock",NYSE
CB,Chubb Limited  Common Stock,NYSE
CBAN,"Colony Bankcorp, Inc. Common Stock",NYSE
CBAT,CBAK Energy Technology Limited - Ordinary Shares,NASDAQ
CBC,"Central Bancompany, Inc. - Class A Common Stock",NASDAQ
CBFV,"CB Financial Services, Inc. - Common Stock",NASDAQ
CBIO,"Crescent Biopharma, Inc. - Common Stock",NASDAQ
CBK,"Commercial Bancgroup, Inc. - Common Stock",NASDAQ
CBL,"CBL & Associates Properties, Inc. Common Stock",NYSE
CBLL,"CeriBell, Inc. - Common Stock",NASDAQ
CBNA,"Chain Bridge Bancorp, Inc. Class A Common Stock",NYSE
CBNK,"Capital Bancorp, Inc. - Common Stock",NASDAQ
CBRE,CBRE Group Inc Common Stock Class A,NYSE
CBRL,"Cracker Barrel Old Country Store, Inc. - Common Stock",NASDAQ
CBRS,Cerebras Systems Inc. - Class A Common Stock,NASDAQ
CBSH,"Commerce Bancshares, Inc. - Common Stock",NASDAQ
CBT,Cabot Corporation Common Stock,NYSE
CBU,"Community Financial System, Inc. Common Stock",NYSE
CBUS,"Cibus, Inc. - Class A Common Stock",NASDAQ
CBZ,"CBIZ, Inc. Common Stock",NYSE
CC,Chemours Company (The) Common Stock,NYSE
CCAP,"Crescent Capital BDC, Inc. - Common Stock",NASDAQ
CCAQ,Collective Acquisition Corp. - Class A ordinary shares,NASDAQ
CCB,Coastal Financial Corporation - Common Stock,NASDAQ
CCBG,Capital City Bank Group - Common Stock,NASDAQ
CCC,CCC Intelligent Solutions Holdings Inc. - Common Stock,NASDAQ
CCCC,"C4 Therapeutics, Inc. - Common Stock",NASDAQ
CCCT,Columbus Circle Capital Corp III - Class A Ordinary Shares,NASDAQ
CCEC,Capital Clean Energy Carriers Corp. - Common Share,NASDAQ
CCEL,"Cryo-Cell International, Inc. Common Stock",NYSE American
CCEP,Coca-Cola Europacific Partners plc - Ordinary Shares,NASDAQ
CCG,Cheche Group Inc. - Class A Ordinary Shares,NASDAQ
CCHH,CCH Holdings Ltd - Class A Ordinary Shares,NASDAQ
CCI,Crown Castle Inc. Common Stock,NYSE
CCII,Cohen Circle Acquisition Corp. II - Class A Ordinary Shares,NASDAQ
CCJ,Cameco Corporation Common Stock,NYSE
CCK,"Crown Holdings, Inc.",NYSE
CCL,Carnival Corporation Ltd. Common Shares,NYSE
CCLD,"CareCloud, Inc. - Common Stock",NASDAQ
CCM,Concord Medical Services Holdings Limited American Depositary Shares (Each represents thirty (30) Class A ordinary shares),NYSE
CCNE,CNB Financial Corporation - Common Stock,NASDAQ
CCO,"Clear Channel Outdoor Holdings, Inc. Common Stock",NYSE
CCOI,"Cogent Communications Holdings, Inc. - Common Stock",NASDAQ
CCS,"Century Communities, Inc. Common Stock",NYSE
CCSI,"Consensus Cloud Solutions, Inc. - Common Stock",NASDAQ
CCTG,CCSC Technology International Holdings Limited - Class A Ordinary Shares,NASDAQ
CCU,"Compania Cervecerias Unidas, S.A. Common Stock",NYSE
CCXI,Churchill Capital Corp XI - Class A Ordinary Shares,NASDAQ
CCZ,Comcast Holdings ZONES,NYSE
CD,Chaince Digital Holdings Inc. - American Ordinary Shares,NASDAQ
CDE,"Coeur Mining, Inc. Common Stock",NYSE
CDIO,Cardio Diagnostics Holdings Inc. - Common stock,NASDAQ
CDLR,Cadeler A/S American Depositary Share (each representing four (4) Ordinary Shares),NYSE
CDLX,"Cardlytics, Inc. - Common Stock",NASDAQ
CDNA,"CareDx, Inc. - Common Stock",NASDAQ
CDNL,Cardinal Infrastructure Group Inc. - Class A Common Stock,NASDAQ
CDNS,"Cadence Design Systems, Inc. - Common Stock",NASDAQ
CDP,COPT Defense Properties Common Shares of Beneficial Interest,NYSE
CDRE,"Cadre Holdings, Inc. Common Stock",NYSE
CDRO,"Codere Online Luxembourg, S.A. - Ordinary Shares",NASDAQ
CDT,CDT Equity Inc. - Common Stock,NASDAQ
CDTG,CDT Environmental Technology Investment Holdings Limited - ordinary shares,NASDAQ
CDW,CDW Corporation - Common Stock,NASDAQ
CDXS,"Codexis, Inc. - Common Stock",NASDAQ
CDZI,"Cadiz, Inc. - Common Stock",NASDAQ
CDZIP,"Cadiz, Inc. - Depositary Shares",NASDAQ
CE,Celanese Corporation Common Stock,NYSE
CECO,CECO Environmental Corp. - Common Stock,NASDAQ
CELC,Celcuity Inc. - Common Stock,NASDAQ
CELH,"Celsius Holdings, Inc. - Common Stock",NASDAQ
CELU,Celularity Inc. - Class A Common Stock,NASDAQ
CELZ,"Creative Medical Technology Holdings, Inc. - Common Stock",NASDAQ
CENN,Cenntro Inc. - Common Stock,NASDAQ
CENT,Central Garden & Pet Company - Common Stock,NASDAQ
CENTA,Central Garden & Pet Company - Class A Common Stock Nonvoting,NASDAQ
CENX,Century Aluminum Company - Common Stock,NASDAQ
CEPF,"Cantor Equity Partners IV, Inc. - Class A Ordinary Shares",NASDAQ
CEPL,"Capstone Energy Plus, Inc. - Common Stock",NASDAQ
CEPO,"Cantor Equity Partners I, Inc. - Class A Ordinary Shares",NASDAQ
CEPS,"Cantor Equity Partners VI, Inc. - Class A Ordinary Shares",NASDAQ
CEPU,Central Puerto S.A. American Depositary Shares (each represents ten Common Shares),NYSE
CEPV,"Cantor Equity Partners V, Inc. - Class A Ordinary Shares",NASDAQ
CERS,Cerus Corporation - Common Stock,NASDAQ
CERT,"Certara, Inc. - Common Stock",NASDAQ
CET,Central Securities Corporation Common Stock,NYSE American
CETX,Cemtrex Inc. - Common Stock,NASDAQ
CETY,"Clean Energy Technologies, Inc. - Common Stock",NASDAQ
CEVA,"CEVA, Inc. - Common Stock",NASDAQ
CF,"CF Industries Holdings, Inc. Common Stock",NYSE
CFBK,CF Bankshares Inc. - Common Stock,NASDAQ
CFFI,C&F Financial Corporation - Common Stock,NASDAQ
CFFN,"Capitol Federal Financial, Inc. - Common Stock",NASDAQ
CFG,"Citizens Financial Group, Inc. Common Stock",NYSE
CFR,"Cullen/Frost Bankers, Inc. Common Stock",NYSE
CG,The Carlyle Group Inc. - Common Stock,NASDAQ
CGAU,Centerra Gold Inc. Common Shares,NYSE
CGC,Canopy Growth Corporation - Common Shares,NASDAQ
CGCF,Cartesian Growth Corporation IV - Class A Ordinary Shares,NASDAQ
CGEM,"Cullinan Therapeutics, Inc. - Common Stock",NASDAQ
CGEN,Compugen Ltd. - Ordinary Shares,NASDAQ
CGNT,Cognyte Software Ltd. - Ordinary Shares,NASDAQ
CGNX,Cognex Corporation - Common Stock,NASDAQ
CGON,"CG Oncology, Inc. - Common stock",NASDAQ
CGTL,Creative Global Technology Holdings Limited - Class A Ordinary Shares,NASDAQ
CGTX,"Cognition Therapeutics, Inc. - Common Stock",NASDAQ
CHA,"Chagee Holdings Limited - American Depositary Shares, each representing 1 Class A ordinary share",NASDAQ
CHAI,"Core AI Holdings, Inc. - Common Shares",NASDAQ
CHAR,Charlton Aria Acquisition Corporation - Class A Ordinary Shares,NASDAQ
CHCI,"Comstock Holding Companies, Inc. - Class A Common Stock",NASDAQ
CHCO,City Holding Company - Common Stock,NASDAQ
CHCT,Community Healthcare Trust Incorporated Common Stock,NYSE
CHD,"Church & Dwight Company, Inc. Common Stock",NYSE
CHDN,"Churchill Downs, Incorporated - Common Stock",NASDAQ
CHE,Chemed Corp,NYSE
CHEC,Chenghe Acquisition III Co. - Class A Ordinary Shares,NASDAQ
CHEF,"The Chefs' Warehouse, Inc. - Common Stock",NASDAQ
CHGA,Change Agents Corporation  - Common Stock,NASDAQ
CHGG,"Chegg, Inc. Common Stock",NYSE
CHH,"Choice Hotels International, Inc. Common Stock",NYSE
CHKP,Check Point Software Technologies Ltd. - Ordinary Shares,NASDAQ
CHMG,Chemung Financial Corp  - Common Stock,NASDAQ
CHMI,Cherry Hill Mortgage Investment Corporation Common Stock,NYSE
CHNR,"China Natural Resources, Inc. - Common Shares",NASDAQ
CHOW,ChowChow Cloud International Holdings Limited Ordinary Shares,NYSE American
CHPG,ChampionsGate Acquisition Corporation - Class A Ordinary Share,NASDAQ
CHPT,"ChargePoint Holdings, Inc. Common Stock",NYSE
CHR,"Cheer Holding, Inc.  - Class A Ordinary Share",NASDAQ
CHRD,Chord Energy Corporation - Common Stock,NASDAQ
CHRN,ChronoScale Holdings Corporation - Common Stock,NASDAQ
CHRS,"Coherus Oncology, Inc. - Common Stock",NASDAQ
CHRW,"C.H. Robinson Worldwide, Inc. - Common Stock",NASDAQ
CHSN,Chanson International Holding - Class A Ordinary Shares,NASDAQ
CHT,"Chunghwa Telecom Co., Ltd.",NYSE
CHTR,"Charter Communications, Inc. - Class A Common Stock",NASDAQ
CHWY,"Chewy, Inc. Class A Common Stock",NYSE
CHYM,"Chime Financial, Inc. - Class A Common Stock",NASDAQ
CI,The Cigna Group Common Stock,NYSE
CIA,"Citizens, Inc. Class A Common Stock ($1.00 Par)",NYSE
CIEN,Ciena Corporation Common Stock,NYSE
CIFR,Cipher Digital Inc. - Common Stock,NASDAQ
CIG,Comp En De Mn Cemig ADS American Depositary Shares,NYSE
CIG-C,Comp En De Mn Cemig ADS American Depositary Receipts,NYSE
CIGI,Colliers International Group Inc.  - Subordinate Voting Shares,NASDAQ
CIGL,Concorde International Group Ltd - Class A Ordinary Shares,NASDAQ
CIIT,"Tianci International, Inc. - Common Stock",NASDAQ
CIM,Chimera Investment Corporation Common Stock,NYSE
CINF,Cincinnati Financial Corporation - Common Stock,NASDAQ
CING,Cingulate Inc. - Common Stock,NASDAQ
CINT,CI&T Inc Class A Common Shares,NYSE
CION,CION Investment Corporation Common Stock,NYSE
CIRC,"Circle8 Group, Inc. - Common Stock",NASDAQ
CISO,"CISO Global, Inc. - Common Stock",NASDAQ
CISS,C3is Inc. - Common Stock,NASDAQ
CITR,CitroTech Inc. Common Stock,NYSE American
CIVB,"Civista Bancshares, Inc.  - Common Stock",NASDAQ
CIX,CompX International Inc. Common Stock,NYSE American
CJMB,Callan JMB Inc. - Common Stock,NASDAQ
CKX,"CKX Lands, Inc. Common Stock",NYSE American
CL,Colgate-Palmolive Company Common Stock,NYSE
CLAR,Clarus Corporation - Common Stock,NASDAQ
CLB,Core Laboratories Inc. Common Stock,NYSE
CLBK,"Columbia Financial, Inc. - Common Stock",NASDAQ
CLBR,Colombier Acquisition Corp. III Class A Ordinary Shares,NYSE
CLBT,Cellebrite DI Ltd. - Ordinary Shares,NASDAQ
CLDI,"Calidi Biotherapeutics, Inc. Common Stock",NYSE American
CLDT,Chatham Lodging Trust (REIT) Common Shares of Beneficial Interest,NYSE
CLDX,"Celldex Therapeutics, Inc. - Common Stock",NASDAQ
CLF,Cleveland-Cliffs Inc. Common Stock,NYSE
CLFD,"Clearfield, Inc. - Common Stock",NASDAQ
CLGN,CollPlant Biotechnologies Ltd. - Ordinary Shares,NASDAQ
CLH,"Clean Harbors, Inc. Common Stock",NYSE
CLIK,Click Holdings Limited - Ordinary Share,NASDAQ
CLIR,ClearSign Technologies Corporation - Common Stock,NASDAQ
CLLS,Cellectis S.A. - American Depositary Shares,NASDAQ
CLMB,"Climb Global Solutions, Inc. - Common Stock",NASDAQ
CLMT,"Calumet, Inc - Common Stock",NASDAQ
CLNE,Clean Energy Fuels Corp. - Common Stock,NASDAQ
CLNN,Clene Inc. - Common Stock,NASDAQ
CLOV,"Clover Health Investments, Corp.  - Class A Common stock",NASDAQ
CLPR,Clipper Realty Inc. Common Stock,NYSE
CLPS,CLPS Incorporation - Common Stock,NASDAQ
CLPT,ClearPoint Neuro Inc. - Common Stock,NASDAQ
CLRB,"Cellectar Biosciences, Inc. - Common Stock",NASDAQ
CLRO,"ClearOne, Inc. - Common Stock",NASDAQ
CLS,"Celestica, Inc. Common Stock",NYSE
CLSK,"CleanSpark, Inc. - Common Stock",NASDAQ
CLST,"Catalyst Bancorp, Inc. - common stock",NASDAQ
CLVT,Clarivate Plc Ordinary Shares,NYSE
CLW,Clearwater Paper Corporation Common Stock,NYSE
CLWT,Euro Tech Holdings Company Limited - Ordinary Shares,NASDAQ
CLX,Clorox Company (The) Common Stock,NYSE
CLYM,"Climb Bio, Inc. - Common Stock",NASDAQ
CM,Canadian Imperial Bank of Commerce Common Stock,NYSE
CMBT,CMB.TECH NV Ordinary Shares,NYSE
CMC,Commercial Metals Company Common Stock,NYSE
CMCL,Caledonia Mining Corporation Plc Common Shares,NYSE American
CMCM,"Cheetah Mobile Inc. American Depositary Shares, each representing fifty (50) Class A Ordinary Shares",NYSE
CMCO,Columbus McKinnon Corporation - Common Stock,NASDAQ
CMCSA,Comcast Corporation - Class A Common Stock,NASDAQ
CMCT,Creative Media  - Common Stock,NASDAQ
CMDB,Costamare Bulkers Holdings Limited Common Stock,NYSE
CME,CME Group Inc. - Class A Common Stock,NASDAQ
CMG,"Chipotle Mexican Grill, Inc. Common Stock",NYSE
CMI,Cummins Inc. Common Stock,NYSE
CMMB,Chemomab Therapeutics Ltd.  - American Depositary Shares,NASDAQ
CMND,Clearmind Medicine Inc. - Common Shares,NASDAQ
CMP,Compass Minerals Intl Inc Common Stock,NYSE
CMPR,Cimpress plc - Ordinary Shares,NASDAQ
CMPS,COMPASS Pathways Plc - American Depository Shares,NASDAQ
CMPX,"Compass Therapeutics, Inc. - Common Stock",NASDAQ
CMRC,"Commerce.com, Inc. - Series 1 Common Stock",NASDAQ
CMRE,Costamare Inc. Common Stock $0.0001 par value,NYSE
CMS,CMS Energy Corporation Common Stock,NYSE
CMT,Core Molding Technologies Inc Common Stock,NYSE American
CMTG,"Claros Mortgage Trust, Inc. Common Stock",NYSE
CMTL,Comtech Telecommunications Corp. - Common Stock,NASDAQ
CMTV,Community Bancorp.  - Common stock,NASDAQ
CNA,CNA Financial Corporation Common Stock,NYSE
CNC,Centene Corporation Common Stock,NYSE
CNCK,Coincheck Group N.V. - Ordinary Shares,NASDAQ
CNDT,Conduent Incorporated - Common Stock,NASDAQ
CNET,ZW Data Action Technologies Inc. - Common Stock,NASDAQ
CNEY,CN Energy Group Inc. - Class A Ordinary Shares,NASDAQ
CNF,"CNFinance Holdings Limited American Depositary Shares, each representing two hundred (200) Ordinary Shares",NYSE
CNH,CNH Industrial N.V. Common Shares,NYSE
CNI,Canadian National Railway Company Common Stock,NYSE
CNK,"Cinemark Holdings Inc Cinemark Holdings, Inc. Common Stock",NYSE
CNL,Collective Mining Ltd. - Common Stock,NASDAQ
CNM,"Core & Main, Inc. Class A Common Stock",NYSE
CNMD,CONMED Corporation Common Stock,NYSE
CNNE,"Cannae Holdings, Inc. Common Stock",NYSE
CNO,"CNO Financial Group, Inc. Common Stock",NYSE
CNOB,"ConnectOne Bancorp, Inc. - Common Stock",NASDAQ
CNP,"CenterPoint Energy, Inc (Holding Co) Common Stock",NYSE
CNQ,Canadian Natural Resources Limited Common Stock,NYSE
CNR,"Core Natural Resources, Inc. Common Stock",NYSE
CNS,Cohen & Steers Inc Common Stock,NYSE
CNSP,"CNS Pharmaceuticals, Inc. - Common Stock",NASDAQ
CNSY,"Cerenome, Inc. - Common Stock",NASDAQ
CNTB,Connect Biopharma Holdings Limited - Ordinary Shares,NASDAQ
CNTN,"Canton Strategic Holdings, Inc. - Common Stock",NASDAQ
CNTX,Context Therapeutics Inc. - Common Stock,NASDAQ
CNTY,"Century Casinos, Inc. - Common Stock",NASDAQ
CNVS,Cineverse Corp. - Class A Common Stock,NASDAQ
CNX,CNX Resources Corporation Common Stock,NYSE
CNXC,Concentrix Corporation - Common Stock,NASDAQ
CNXN,"PC Connection, Inc. - Common Stock",NASDAQ
CNXU,Conexeu Sciences Inc. - Common Stock,NASDAQ
COAG,"Hemab Therapeutics Holdings, Inc. - Common Stock",NASDAQ
COCH,"Envoy Medical, Inc. - Class A Common Stock",NASDAQ
COCO,"The Vita Coco Company, Inc. - Common Stock",NASDAQ
COCP,"Cocrystal Pharma, Inc. - Common Stock",NASDAQ
CODA,"Coda Octopus Group, Inc. - Common stock",NASDAQ
CODI,D/B/A Compass Diversified Holdings Shares of Beneficial Interest,NYSE
CODX,"Co-Diagnostics, Inc. - Common Stock",NASDAQ
COE,"51Talk Online Education Group American depositary shares, each representing 60 Class A ordinary shares",NYSE American
COF,Capital One Financial Corporation Common Stock,NYSE
COFS,"ChoiceOne Financial Services, Inc. - Common Stock",NASDAQ
COGT,"Cogent Biosciences, Inc. - Common Stock",NASDAQ
COHN,Cohen & Company Inc.,NYSE American
COHR,Coherent Corp. Common Stock,NYSE
COHU,"Cohu, Inc. - Common Stock",NASDAQ
COIN,"Coinbase Global, Inc. - Class A Common Stock",NASDAQ
COKE,"Coca-Cola Consolidated, Inc. - Common Stock",NASDAQ
COLA,Columbus Acquisition Corp - Ordinary Shares,NASDAQ
COLB,"Columbia Banking System, Inc. - Common Stock",NASDAQ
COLD,"Americold Realty Trust, Inc. Common Stock",NYSE
COLL,"Collegium Pharmaceutical, Inc. - Common Stock",NASDAQ
COLM,Columbia Sportswear Company - Common Stock,NASDAQ
COMP,"Compass, Inc. Class A Common Stock",NYSE
CON,"Concentra Group Holdings Parent, Inc. Common Stock",NYSE
COO,"The Cooper Companies, Inc.  - Common Stock",NASDAQ
COOK,"Traeger, Inc. Common Stock",NYSE
COOT,Australian Oilseeds Holdings Limited - Ordinary Shares,NASDAQ
COP,ConocoPhillips Common Stock,NYSE
COPL,Copley Acquisition Corp Ordinary Shares,NYSE
COPR,Idaho Copper Corporation Common Stock,NYSE American
COR,"Cencora, Inc. Common Stock",NYSE
CORT,Corcept Therapeutics Incorporated - Common Stock,NASDAQ
CORZ,"Core Scientific, Inc. - Common Stock",NASDAQ
COSM,Cosmos Health Inc. - Common Stock,NASDAQ
COSO,"CoastalSouth Bancshares, Inc. Common Stock",NYSE
COST,Costco Wholesale Corporation - Common Stock,NASDAQ
COTY,Coty Inc. Class A Common Stock,NYSE
COUR,"Coursera, Inc. Common Stock",NYSE
COYA,"Coya Therapeutics, Inc. - Common Stock",NASDAQ
CP,Canadian Pacific Kansas City Limited Common Shares,NYSE
CPA,"Copa Holdings, S.A. Class A Common Stock",NYSE
CPAC,Cementos Pacasmayo S.A.A. American Depositary Shares (Each representing five Common Shares),NYSE
CPAY,"Corpay, Inc. Common Stock",NYSE
CPB,The Campbell's Company - Common Stock,NASDAQ
CPBI,"Central Plains Bancshares, Inc. - Common Stock",NASDAQ
CPF,Central Pacific Financial Corp New,NYSE
CPHC,Canterbury Park Holding Corporation - Common Stock,NASDAQ
CPHI,"China Pharma Holdings, Inc. Common Stock",NYSE American
CPIX,Cumberland Pharmaceuticals Inc. - Common Stock,NASDAQ
CPK,Chesapeake Utilities Corporation Common Stock,NYSE
CPNG,"Coupang, Inc. Class A Common Stock",NYSE
CPOP,"Pop Culture Group Co., Ltd - Class A Ordinary Shares",NASDAQ
CPRI,Capri Holdings Limited Ordinary Shares,NYSE
CPRT,"Copart, Inc. - Common Stock",NASDAQ
CPS,Cooper-Standard Holdings Inc. Common Stock,NYSE
CPSH,CPS Technologies Corp. - Common Stock,NASDAQ
CPSS,"Consumer Portfolio Services, Inc. - Common Stock",NASDAQ
CPT,Camden Property Trust Common Stock,NYSE
CR,Crane Company Common Stock,NYSE
CRAC,Crown Reserve Acquisition Corp. I - Class A Ordinary Shares,NASDAQ
CRAI,"CRA International,Inc. - Common Stock",NASDAQ
CRAN,Crane Harbor Acquisition Corp. II - Class A Ordinary Shares,NASDAQ
CRAQ,Cal Redwood Acquisition Corp. - Class A Ordinary Shares,NASDAQ
CRBG,Corebridge Financial Inc. Common Stock,NYSE
CRBP,"Corbus Pharmaceuticals Holdings, Inc. - Common Stock",NASDAQ
CRBU,"Caribou Biosciences, Inc. - Common Stock",NASDAQ
CRC,California Resources Corporation Common Stock,NYSE
CRCL,"Circle Internet Group, Inc. Class A Common Stock",NYSE
CRCT,"Cricut, Inc. - Class A common stock",NASDAQ
CRD-A,Crawford & Company Common Stock,NYSE
CRD-B,Crawford & Company Common Stock,NYSE
CRDF,"Cardiff Oncology, Inc. - Common Stock",NASDAQ
CRDL,Cardiol Therapeutics Inc. - Class A Common Shares,NASDAQ
CRDO,Credo Technology Group Holding Ltd - Ordinary Shares,NASDAQ
CRE,Cre8 Enterprise Limited - Class A Ordinary Shares,NASDAQ
CRESY,"Cresud S.A.C.I.F. y A. - American Depositary Shares, each representing ten shares of Common Stock",NASDAQ
CREX,"Creative Realities, Inc. - Common Stock",NASDAQ
CRGO,Freightos Limited - Ordinary shares,NASDAQ
CRGY,Crescent Energy Company Class A Common Stock,NYSE
CRH,CRH PLC Ordinary Shares,NYSE
CRI,"Carter's, Inc. Common Stock",NYSE
CRIS,"Curis, Inc. - Common Stock",NASDAQ
CRK,"Comstock Resources, Inc. Common Stock",NYSE
CRL,"Charles River Laboratories International, Inc. Common Stock",NYSE
CRM,"Salesforce, Inc. Common Stock",NYSE
CRMD,CorMedix Inc. - Common Stock,NASDAQ
CRML,Critical Metals Corp. - Ordinary Shares,NASDAQ
CRMT,"America's Car-Mart, Inc. - Common Stock",NASDAQ
CRNC,Cerence Inc. - Common Stock,NASDAQ
CRNT,Ceragon Networks Ltd. - Ordinary Shares,NASDAQ
CRON,Cronos Group Inc. - Common Share,NASDAQ
CROX,"Crocs, Inc. - Common Stock",NASDAQ
CRS,Carpenter Technology Corporation Common Stock,NYSE
CRSP,CRISPR Therapeutics AG - Common Shares,NASDAQ
CRSR,"Corsair Gaming, Inc. - Common Stock",NASDAQ
CRTO,Criteo S.A. - Ordinary Shares,NASDAQ
CRUS,"Cirrus Logic, Inc. - Common Stock",NASDAQ
CRVL,CorVel Corp. - Common Stock,NASDAQ
CRVO,CervoMed Inc. - Common Stock,NASDAQ
CRVS,"Corvus Pharmaceuticals, Inc. - Common Stock",NASDAQ
CRWD,"CrowdStrike Holdings, Inc. - Class A Common Stock",NASDAQ
CRWS,"Crown Crafts, Inc. - Common Stock",NASDAQ
CRWV,"CoreWeave, Inc. - Class A Common Stock",NASDAQ
CSAI,"Cloudastructure, Inc. - Class A Common Stock",NASDAQ
CSBR,"Champions Oncology, Inc. - Common Stock",NASDAQ
CSCO,"Cisco Systems, Inc. - Common Stock",NASDAQ
CSGP,"CoStar Group, Inc. - Common Stock",NASDAQ
CSHR,CoinShares PLC - Ordinary Shares,NASDAQ
CSIQ,Canadian Solar Inc. - Common Shares,NASDAQ
CSL,Carlisle Companies Incorporated Common Stock,NYSE
CSPI,CSP Inc. - Common Stock,NASDAQ
CSQR,"Csquare, Inc. Common Stock",NYSE
CSR,D/B/A Centerspace Common Stock,NYSE
CSTE,Caesarstone Ltd. - Ordinary Shares,NASDAQ
CSTL,"Castle Biosciences, Inc. - Common stock",NASDAQ
CSTM,Constellium SE Ordinary Shares (France),NYSE
CSV,"Carriage Services, Inc. Common Stock",NYSE
CSW,"CSW Industrials, Inc. Common Stock",NYSE
CSWC,Capital Southwest Corporation - Common Stock,NASDAQ
CSX,CSX Corporation - Common Stock,NASDAQ
CTAA,ClearThink 1 Acquisition Corp. - Class A Ordinary Shares,NASDAQ
CTAS,Cintas Corporation - Common Stock,NASDAQ
CTBI,"Community Trust Bancorp, Inc. - Common Stock",NASDAQ
CTEV,Claritev Corporation Class A Common Stock,NYSE
CTGO,Contango Silver & Gold Inc. Common Stock,NYSE American
CTKB,"Cytek Biosciences, Inc. - Common Stock",NASDAQ
CTM,"Castellum, Inc. Common Stock",NYSE American
CTMX,"CytomX Therapeutics, Inc. - Common Stock",NASDAQ
CTNM,"Contineum Therapeutics, Inc. - Common stock",NASDAQ
CTNT,Cheetah Net Supply Chain Service Inc. - Class A Common Stock,NASDAQ
CTO,"CTO Realty Growth, Inc. Common Stock",NYSE
CTOR,"Citius Oncology, Inc.  - Common Stock",NASDAQ
CTOS,"Custom Truck One Source, Inc. Common Stock",NYSE
CTRE,"CareTrust REIT, Inc. Common Stock",NYSE
CTRI,"Centuri Holdings, Inc. Common Stock",NYSE
CTRM,Castor Maritime Inc. - Common Shares,NASDAQ
CTRN,"Citi Trends, Inc. - Common Stock",NASDAQ
CTS,CTS Corporation Common Stock,NYSE
CTSH,Cognizant Technology Solutions Corporation - Class A Common Stock,NASDAQ
CTSO,Cytosorbents Corporation - Common Stock,NASDAQ
CTVA,"Corteva, Inc. Common Stock",NYSE
CTW,CTW - Class A Ordinary Shares,NASDAQ
CTXR,"Citius Pharmaceuticals, Inc. - Common Stock",NASDAQ
CUB,Lionheart Holdings - Class A Ordinary Shares,NASDAQ
CUBE,CubeSmart Common Shares,NYSE
CUBI,"Customers Bancorp, Inc Common Stock",NYSE
CUE,"Cue Biopharma, Inc. - Common Stock",NASDAQ
CULP,"Culp, Inc. - Common Shares",NASDAQ
CUPR,Cuprina Holdings (Cayman) Limited - Class A Ordinary shares,NASDAQ
CURB,Curbline Properties Corp. Common Stock,NYSE
CURI,CuriosityStream Inc.  - Class A Common Stock,NASDAQ
CURR,Currenc Group Inc. - Ordinary Shares,NASDAQ
CURV,Torrid Holdings Inc. Common Stock,NYSE
CURX,Curanex Pharmaceuticals Inc - Common Stock,NASDAQ
CUVL,Clinuvel Pharmaceuticals Limited - American Depositary Shares,NASDAQ
CUZ,Cousins Properties Incorporated Common Stock,NYSE
CV,"CapsoVision, Inc. - Common Stock",NASDAQ
CVBF,CVB Financial Corporation - Common Stock,NASDAQ
CVCO,"Cavco Industries, Inc. - Common Stock",NASDAQ
CVE,Cenovus Energy Inc Common Stock,NYSE
CVEO,Civeo Corporation (Canada) Common Shares,NYSE
CVGI,"Commercial Vehicle Group, Inc. - Common Stock",NASDAQ
CVKD,"Cadrenal Therapeutics, Inc. - Common Stock",NASDAQ
CVLG,"Covenant Logistics Group, Inc. Class A Common Stock",NYSE
CVLT,"Commvault Systems, Inc. - Common Stock",NASDAQ
CVM,Cel-Sci Corporation Common Stock,NYSE American
CVNA,Carvana Co. Class A Common Stock,NYSE
CVR,Chicago Rivet & Machine Co. Common Stock,NYSE American
CVRX,"CVRx, Inc. - Common Stock",NASDAQ
CVS,CVS Health Corporation Common Stock,NYSE
CVSA,Covista Inc. Common Shares,NYSE
CVU,"CPI Aerostructures, Inc. Common Stock",NYSE American
CVV,CVD Equipment Corporation - Common Stock,NASDAQ
CVX,Chevron Corporation Common Stock,NYSE
CW,Curtiss-Wright Corporation Common Stock,NYSE
CWBC,Community West Bancshares - Common Stock,NASDAQ
CWCO,Consolidated Water Co. Ltd. - Ordinary Shares,NASDAQ
CWD,CaliberCos Inc. - Class A Common Stock,NASDAQ
CWEN,"Clearway Energy, Inc. Class C Common Stock",NYSE
CWH,"Camping World Holdings, Inc. Class A Common Stock",NYSE
CWK,Cushman & Wakefield Ltd. Common Shares,NYSE
CWST,"Casella Waste Systems, Inc. - Class A Common Stock",NASDAQ
CWT,California Water Service Group Common Stock,NYSE
CX,"Cemex, S.A.B. de C.V. Sponsored ADR",NYSE
CXAI,CXApp Inc. - Class A Common Stock,NASDAQ
CXDO,"Crexendo, Inc. - Common Stock",NASDAQ
CXII,Churchill Capital Corp XII - Class A Ordinary Shares,NASDAQ
CXM,"Sprinklr, Inc. Class A Common Stock",NYSE
CXT,"Crane NXT, Co. Common Stock",NYSE
CXW,"CoreCivic, Inc. Common Stock",NYSE
CYAB,"Cyabra, Inc. - Common Stock",NASDAQ
CYCU,"Cycurion, Inc. - Common Stock",NASDAQ
CYD,China Yuchai International Limited Common Stock,NYSE
CYH,"Community Health Systems, Inc. Common Stock",NYSE
CYN,Cyngn Inc. - Common stock,NASDAQ
CYPH,Cypherpunk Technologies Inc. - Common Stock,NASDAQ
CYRX,"CryoPort, Inc. - Common Stock",NASDAQ
CYTK,"Cytokinetics, Incorporated - Common Stock",NASDAQ
CZFS,"Citizens Financial Services, Inc. - Common Stock",NASDAQ
CZNC,Citizens & Northern Corp - Common Stock,NASDAQ
CZR,"Caesars Entertainment, Inc. - Common Stock",NASDAQ
CZWI,"Citizens Community Bancorp, Inc. - Common Stock",NASDAQ
D,"Dominion Energy, Inc. Common Stock",NYSE
DAAQ,Digital Asset Acquisition Corp. - Class A Ordinary shares,NASDAQ
DAC,Danaos Corporation Common Stock,NYSE
DAIC,"CID HoldCo, Inc. - Common Stock",NASDAQ
DAIO,Data I/O Corporation - Common Stock,NASDAQ
DAKT,"Daktronics, Inc. - Common Stock",NASDAQ
DAL,"Delta Air Lines, Inc. Common Stock",NYSE
DAN,Dana Incorporated Common Stock,NYSE
DAO,"Youdao, Inc. American Depositary Shares, each representing one Class A Ordinary Share",NYSE
DAR,Darling Ingredients Inc. Common Stock,NYSE
DARE,"Dare Bioscience, Inc. - Common Stock",NASDAQ
DASH,"DoorDash, Inc. - Common Stock",NASDAQ
DAVA,Endava plc American Depositary Shares (each representing one Class A Ordinary Share),NYSE
DAVE,Dave Inc.  - Class A Common Stock,NASDAQ
DB,Deutsche Bank AG Common Stock,NYSE
DBCA,D. Boral Acquisition I Corp. - Class A Ordinary Shares,NASDAQ
DBD,Diebold Nixdorf Incorporated Common stock,NYSE
DBGI,"Digital Brands Group, Inc. - Common Stock",NASDAQ
DBI,Designer Brands Inc. Class A Common Stock,NYSE
DBRG,"DigitalBridge Group, Inc.",NYSE
DBVT,DBV Technologies S.A. - American Depositary Shares,NASDAQ
DBX,"Dropbox, Inc. - Class A Common Stock",NASDAQ
DC,Dakota Gold Corp. Common Stock,NYSE American
DCBO,Docebo Inc. - Common Shares,NASDAQ
DCGO,DocGo Inc. - Common Stock,NASDAQ
DCH,Dauch Corporation Common Stock,NYSE
DCI,"Donaldson Company, Inc. Common Stock",NYSE
DCO,Ducommun Incorporated Common Stock,NYSE
DCOM,"Dime Commercial Bancshares, Inc. Common Stock",NYSE
DCOY,Decoy Therapeutics Inc. - Common Stock,NASDAQ
DCTH,"Delcath Systems, Inc. - Common Stock",NASDAQ
DCX,Digital Currency X Technology Inc. - Class A Ordinary Shares,NASDAQ
DD,"DuPont de Nemours, Inc. Common Stock",NYSE
DDC,DDC Enterprise Limited Class A Ordinary Shares,NYSE American
DDD,3D Systems Corporation Common Stock,NYSE
DDI,"DoubleDown Interactive Co., Ltd. - American Depository Shares",NASDAQ
DDL,Dingdong (Cayman) Limited American Depositary Shares (each two representing three Ordinary Shares),NYSE
DDOG,"Datadog, Inc. - Class A Common Stock",NASDAQ
DDS,"Dillard's, Inc. Common Stock",NYSE
DDT,Dillard's Capital Trust I,NYSE
DE,Deere & Company Common Stock,NYSE
DEA,"Easterly Government Properties, Inc. Common Stock",NYSE
DEC,Diversified Energy Company Common Stock,NYSE
DECK,Deckers Outdoor Corporation Common Stock,NYSE
DEFT,"Defi Technologies, Inc. - Common Stock",NASDAQ
DEI,"Douglas Emmett, Inc. Common Stock",NYSE
DELL,Dell Technologies Inc. Class C Common Stock,NYSE
DEO,Diageo plc Common Stock,NYSE
DERM,Journey Medical Corporation - Common Stock,NASDAQ
DETX,"Liberty Defense Holdings, Ltd. - Common Shares",NASDAQ
DFDV,DeFi Development Corp. - Common Stock,NASDAQ
DFH,"Dream Finders Homes, Inc. Class A Common Stock",NYSE
DFIN,"Donnelley Financial Solutions, Inc. Common Stock",NYSE
DFLI,Dragonfly Energy Holdings Corp - Common Stock,NASDAQ
DFNS,T3 Defense Inc. - Common Stock,NASDAQ
DFSC,"DEFSEC Technologies Inc. - common stock, no R/S concurrent with offering",NASDAQ
DFTX,"Definium Therapeutics, Inc.  - Common Shares",NASDAQ
DG,Dollar General Corporation Common Stock,NYSE
DGAC,Disciplined Growth Acquisition Corporation Class A Ordinary Shares,NYSE
DGICA,"Donegal Group, Inc. - Class A Common Stock",NASDAQ
DGICB,"Donegal Group, Inc. - Class B Common Stock",NASDAQ
DGII,Digi International Inc. - Common Stock,NASDAQ
DGNX,Diginex Limited - Ordinary Shares,NASDAQ
DGX,Quest Diagnostics Incorporated Common Stock,NYSE
DGXX,Digi Power X Inc. - Common Subordinate Voting Shares,NASDAQ
DH,Definitive Healthcare Corp. - Class A Common Stock,NASDAQ
DHC,Diversified Healthcare Trust  - Common Shares of Beneficial Interest,NASDAQ
DHI,"D.R. Horton, Inc. Common Stock",NYSE
DHR,Danaher Corporation Common Stock,NYSE
DHT,"DHT Holdings, Inc.",NYSE
DHX,"DHI Group, Inc. Common Stock",NYSE
DIBS,"1stdibs.com, Inc. - Common Stock",NASDAQ
DIN,"Dine Brands Global, Inc. Common Stock",NYSE
DINO,HF Sinclair Corporation Common Stock,NYSE
DIOD,Diodes Incorporated - Common Stock,NASDAQ
DIS,Walt Disney Company (The) Common Stock,NYSE
DIT,AMCON Distributing Company Common Stock,NYSE American
DJCO,Daily Journal Corp. (S.C.) - Common Stock,NASDAQ
DJT,Trump Media & Technology Group Corp. - Common Stock,NASDAQ
DK,"Delek US Holdings, Inc. Common Stock",NYSE
DKI,DarkIris Inc. - Class A Ordinary Shares,NASDAQ
DKNG,DraftKings Inc. - Class A Common Stock,NASDAQ
DKS,Dick's Sporting Goods Inc Common Stock,NYSE
DLB,Dolby Laboratories Common Stock,NYSE
DLHC,DLH Holdings Corp. - Common Stock,NASDAQ
DLO,DLocal Limited - Class A Common Shares,NASDAQ
DLPN,"Dolphin Entertainment, Inc. - Common Stock",NASDAQ
DLR,"Digital Realty Trust, Inc. Common Stock",NYSE
DLTH,Duluth Holdings Inc. - Class B Common Stock,NASDAQ
DLTR,"Dollar Tree, Inc. - Common Stock",NASDAQ
DLX,Deluxe Corporation Common Stock,NYSE
DLXY,Delixy Holdings Limited - Class A Ordinary Shares,NASDAQ
DMAA,Drugs Made In America Acquisition Corp. - Ordinary Shares,NASDAQ
DMAC,DiaMedica Therapeutics Inc. - Common Stock,NASDAQ
DMC,Del Monte Corporation Ordinary Shares,NYSE
DMII,Drugs Made In America Acquisition II Corp. - Ordinary Shares,NASDAQ
DMRA,"Damora Therapeutics, Inc. - Ordinary Shares",NASDAQ
DMRC,Digimarc Corporation - Common Stock,NASDAQ
DNA,"Ginkgo Bioworks Holdings, Inc. Class A Common Stock",NYSE
DNLI,Denali Therapeutics Inc. - Common Stock,NASDAQ
DNMX,Dynamix Corporation III - Class A Ordinary Shares,NASDAQ
DNN,Denison Mines Corp Ordinary Shares (Canada),NYSE American
DNOW,DNOW Inc. Common Stock,NYSE
DNTH,"Dianthus Therapeutics, Inc. - Common Stock",NASDAQ
DNUT,"Krispy Kreme, Inc. - Common Stock",NASDAQ
DOC,"Healthpeak Properties, Inc. Common Stock",NYSE
DOCN,"DigitalOcean Holdings, Inc. Common Stock",NYSE
DOCS,"Doximity, Inc. Class A Common Stock",NYSE
DOCU,"DocuSign, Inc. - Common Stock",NASDAQ
DOGZ,Dogness (International) Corporation - Class A Common Stock,NASDAQ
DOLE,Dole plc Ordinary Shares,NYSE
DOMH,Dominari Holdings Inc. - Common Stock,NASDAQ
DOO,BRP Inc. - Common Subordinate Voting Shares,NASDAQ
DORM,"Dorman Products, Inc. - Common Stock",NASDAQ
DOUG,Douglas Elliman Inc. Common Stock,NYSE
DOV,Dover Corporation Common Stock,NYSE
DOW,Dow Inc. Common Stock,NYSE
DOX,Amdocs Limited - Ordinary Shares,NASDAQ
DOYU,DouYu International Holdings Limited - American Depositary Shares,NASDAQ
DPC,DPC Holdings PLC Ordinary Shares,NYSE
DPRO,Draganfly Inc. - Common Shares,NASDAQ
DPU,Top KingWin Ltd - Class A Ordinary Shares,NASDAQ
DPZ,Domino's Pizza Inc - Common Stock,NASDAQ
DQ,"DAQO New Energy Corp. American Depositary Shares, each representing five ordinary shares",NYSE
DRCT,"Direct Digital Holdings, Inc. - Class A Common Stock",NASDAQ
DRD,DRDGOLD Limited American Depositary Shares,NYSE
DRDB,Roman DBDR Acquisition Corp. II - Ordinary shares,NASDAQ
DRH,Diamondrock Hospitality Company - Common Stock,NASDAQ
DRI,"Darden Restaurants, Inc. Common Stock",NYSE
DRIO,DarioHealth Corp. - Common Stock,NASDAQ
DRK,DarkHorse Technologies Inc. - Common Shares,NASDAQ
DRMA,"Dermata Therapeutics, Inc. - Common Stock",NASDAQ
DRS,"Leonardo DRS, Inc. - Common Stock",NASDAQ
DRTS,Alpha Tau Medical Ltd. - Ordinary Shares,NASDAQ
DRUG,Bright Minds Biosciences Inc. - common stock,NASDAQ
DRVN,Driven Brands Holdings Inc. - Common Stock,NASDAQ
DSAC,Daedalus Special Acquisition Corp. - Class A Ordinary Shares,NASDAQ
DSC,DSC Holdings Ltd. - American Depositary Shares,NASDAQ
DSGN,"Design Therapeutics, Inc. - Common Stock",NASDAQ
DSGR,"Distribution Solutions Group, Inc. - Common Stock",NASDAQ
DSGX,The Descartes Systems Group Inc. - Common Stock,NASDAQ
DSP,Viant Technology Inc. - common stock,NASDAQ
DSS,"DSS, Inc. Common Stock",NYSE American
DSWL,"Deswell Industries, Inc. - Common Shares",NASDAQ
DSX,Diana Shipping inc. common stock,NYSE
DSY,Big Tree Cloud Holdings Limited - Class A Ordinary Shares,NASDAQ
DT,"Dynatrace, Inc. Common Stock",NYSE
DTCX,"Datacentrex, Inc. - Common Stock",NASDAQ
DTE,DTE Energy Company Common Stock,NYSE
DTI,Drilling Tools International Corporation  - Common Stock,NASDAQ
DTIL,"Precision BioSciences, Inc. - Common Stock",NASDAQ
DTM,"DT Midstream, Inc. Common Stock",NYSE
DTSQ,DT Cloud Star Acquisition Corporation - Ordinary Shares,NASDAQ
DTSS,Datasea Intelligent Technology Ltd. - Class A Ordinary Shares,NASDAQ
DTST,Data Storage Corporation - Common Stock,NASDAQ
DUK,Duke Energy Corporation (Holding Company) Common Stock,NYSE
DUKR,DUKE Robotics Corp. - Common Stock,NASDAQ
DUO,Fangdd Network Group Ltd. - Class A Ordinary Shares,NASDAQ
DUOL,"Duolingo, Inc. - Class A Common Stock",NASDAQ
DUOT,"Duos Technologies Group, Inc. - Common Stock",NASDAQ
DV,"DoubleVerify Holdings, Inc. Common Stock",NYSE
DVA,DaVita Inc. Common Stock,NYSE
DVLT,Datavault AI Inc. - Common Stock,NASDAQ
DVN,Devon Energy Corporation Common Stock,NYSE
DWSN,Dawson Geophysical Company - Common Stock,NASDAQ
DWTX,"Dogwood Therapeutics, Inc.  - Common Stock",NASDAQ
DX,"Dynex Capital, Inc. Common Stock",NYSE
DXC,DXC Technology Company Common Stock,NYSE
DXCM,"DexCom, Inc. - Common Stock",NASDAQ
DXF,"Eason Technology Limited American Depositary Shares (each representing sixty-thousand (60,000) Ordinary Shares)",NYSE American
DXLG,"Destination XL Group, Inc. - Common Stock",NASDAQ
DXPE,"DXP Enterprises, Inc. - Common Stock",NASDAQ
DXST,Decent Holding Inc. - Class A Ordinary Shares,NASDAQ
DXYZ,Destiny Tech100 Inc. Common Stock,NYSE
DY,"Dycom Industries, Inc. Common Stock",NYSE
DYAI,"Dyadic International, Inc. - Common Stock",NASDAQ
DYN,"Dyne Therapeutics, Inc. - Common Stock",NASDAQ
DYNC,Dynamix Corporation - Class A Ordinary Share,NASDAQ
DYOR,Insight Digital Partners II - Class A Ordinary Shares,NASDAQ
E,ENI S.p.A. Common Stock,NYSE
EAF,GrafTech International Ltd. Common Stock,NYSE
EARN,Ellington Credit Company Common Shares of Beneficial Interest,NYSE
EAT,"Brinker International, Inc. Common Stock",NYSE
EBAY,eBay Inc. - Common Stock,NASDAQ
EBC,"Eastern Bankshares, Inc. - Common Stock",NASDAQ
EBF,"Ennis, Inc. Common Stock",NYSE
EBMT,"Eagle Bancorp Montana, Inc. - Common Stock",NASDAQ
EBON,Ebang International Holdings Inc. - Class A Ordinary Shares,NASDAQ
EBS,Emergent BioSolutions Inc. Common Stock,NYSE
EC,Ecopetrol S.A. American Depositary Shares,NYSE
ECBK,"ECB Bancorp, Inc. - Common Stock",NASDAQ
ECC,Eagle Point Credit Company Common Share of Beneficial Interest,NYSE
ECG,"Everus Construction Group, Inc. Common Stock",NYSE
ECHO,EchoStar Corporation - Common stock,NASDAQ
ECL,Ecolab Inc. Common Stock,NYSE
ECO,Okeanis Eco Tankers Corp. Common Stock,NYSE
ECOR,"electroCore, Inc. - Common Stock",NASDAQ
ECPG,Encore Capital Group Inc - Common Stock,NASDAQ
ECVT,Ecovyst Inc. Common Stock,NYSE
ECX,ECARX Holdings Inc. - Class A Ordinary shares,NASDAQ
ED,"Consolidated Edison, Inc. Common Stock",NYSE
EDBL,Edible Garden AG Incorporated - Common Stock,NASDAQ
EDHL,Everbright Digital Holding Limited - Ordinary Shares,NASDAQ
EDIT,"Editas Medicine, Inc. - Common Stock",NASDAQ
EDN,Empresa Distribuidora Y Comercializadora Norte S.A. (Edenor) American Depositary Shares,NYSE
EDRY,EuroDry Ltd. - Common Shares,NASDAQ
EDSA,"Edesa Biotech, Inc. - Common Shares",NASDAQ
EDTK,Skillful Craftsman Education Technology Limited - Ordinary Share,NASDAQ
EDU,"New Oriental Education & Technology Group, Inc. Sponsored ADR representing 10 Ordinary Share (Cayman Islands)",NYSE
EDUC,Educational Development Corporation - Common Stock,NASDAQ
EDVA,"Endovia Health Sciences, Inc. Common Stock",NYSE American
EE,"Excelerate Energy, Inc. Class A Common Stock",NYSE
EEFT,"Euronet Worldwide, Inc. - Common Stock",NASDAQ
EEIQ,EpicQuest Education Group International Limited - Common Stock,NASDAQ
EFC,Ellington Financial Inc. Common Stock,NYSE
EFOI,"Energy Focus, Inc. - Common Stock",NASDAQ
EFOR,"Everforth, Inc. Common Stock",NYSE
EFSC,Enterprise Financial Services Corporation - Common Stock,NASDAQ
EFSI,Eagle Financial Services Inc - Common Stock,NASDAQ
EFTY,"Etoiles Capital Group Co., Ltd. - Class A Ordinary Shares",NASDAQ
EFX,"Equifax, Inc. Common Stock",NYSE
EFXT,Enerflex Ltd Common Shares,NYSE
EG,"Everest Group, Ltd. Common Stock",NYSE
EGAN,eGain Corporation - Common Stock,NASDAQ
EGBN,"Eagle Bancorp, Inc. - Common Stock",NASDAQ
EGG,Enigmatig Limited Class A Ordinary Shares,NYSE American
EGHA,EGH Acquisition Corp. - Class A ordinary shares,NASDAQ
EGHT,8x8 Inc - Common stock,NASDAQ
EGO,Eldorado Gold Corporation Ordinary Shares,NYSE
EGP,"EastGroup Properties, Inc. Common Stock",NYSE
EGY,"VAALCO Energy, Inc.  Common Stock",NYSE
EH,EHang Holdings Limited - ADS,NASDAQ
EHC,Encompass Health Corporation Common Stock,NYSE
EHGO,Eshallgo Inc. - Class A Ordinary Shares,NASDAQ
EHLD,Euroholdings Ltd. - Common Stock,NASDAQ
EHTH,"eHealth, Inc. - Common Stock",NASDAQ
EIC,Eagle Point Income Company Common Shares of Beneficial Interest,NYSE
EIG,Employers Holdings Inc Common Stock,NYSE
EIKN,"Eikon Therapeutics, Inc. - Common Stock",NASDAQ
EIX,Edison International Common Stock,NYSE
EJH,E-Home Household Service Holdings Limited - Ordinary shares,NASDAQ
EL,"Estee Lauder Companies, Inc. (The) Common Stock",NYSE
ELA,Envela Corporation Common Stock,NYSE American
ELAB,PMGC Holdings Inc. - Common Stock,NASDAQ
ELAN,Elanco Animal Health Incorporated Common Stock,NYSE
ELBM,Electra Battery Materials Corporation - Common Stock,NASDAQ
ELDN,"Eledon Pharmaceuticals, Inc. - Common Stock",NASDAQ
ELE,Elemental Royalty Corporation - Common Stock,NASDAQ
ELF,"e.l.f. Beauty, Inc. Common Stock",NYSE
ELLO,Ellomay Capital Ltd Ordinary Shares (Israel),NYSE American
ELMD,"Electromed, Inc. Common Stock",NYSE American
ELME,Elme Communities Common Stock,NYSE
ELMT,The Elmet Group Co. - Common Stock,NASDAQ
ELOG,Eastern International Ltd. - Ordinary Shares,NASDAQ
ELOX,"Eloxx Pharmaceuticals, Inc. - Common Stock",NASDAQ
ELPC,Companhia Paranaense de Energia (COPEL) American Depositary Shares (each representing four (4) Common Shares),NYSE
ELPW,Elong Power Holding Limited - Class A Ordinary Shares,NASDAQ
ELS,"Equity Lifestyle Properties, Inc. Common Stock",NYSE
ELTK,Eltek Ltd. - Ordinary Shares,NASDAQ
ELTX,"Elicio Therapeutics, Inc. - Common Stock",NASDAQ
ELUT,"Elutia, Inc. - Class A Common Stock",NASDAQ
ELV,"Elevance Health, Inc. Common Stock",NYSE
ELVA,Electrovaya Inc. - Common Shares,NASDAQ
ELVN,"Enliven Therapeutics, Inc.  - Common Stock",NASDAQ
ELVR,Elevra Lithium Limited - American Depository Shares,NASDAQ
ELWT,"Elauwit Connection, Inc. - Common Stock",NASDAQ
EMA,Emera Incorporated Common Shares,NYSE
EMAT,Evolution Metals & Technologies Corp. - Common Stock,NASDAQ
EMBC,Embecta Corp. - Common Stock,NASDAQ
EMBJ,Embraer S.A. Common Stock,NYSE
EME,"EMCOR Group, Inc. Common Stock",NYSE
EMIS,Emmis Acquisition Corp. - Class A Ordinary Share,NASDAQ
EML,Eastern Company (The) - Common Stock,NASDAQ
EMN,Eastman Chemical Company Common Stock,NYSE
EMPD,Empery Digital Inc. - Common stock,NASDAQ
EMR,Emerson Electric Company Common Stock,NYSE
ENB,Enbridge Inc Common Stock,NYSE
ENGN,enGene Therapeutics Inc. - Common Stock,NASDAQ
ENGS,Energys Group Limited - Ordinary Shares,NASDAQ
ENHA,Enhanced Group Inc. Class A Common Stock,NYSE
ENIC,Enel Chile S.A. American Depositary Shares (Each representing 50 shares of Common Stock),NYSE
ENLT,Enlight Renewable Energy Ltd. - Ordinary Shares,NASDAQ
ENLV,Enlivex Ltd. - Ordinary Shares,NASDAQ
ENOV,Enovis Corporation Common Stock,NYSE
ENPH,"Enphase Energy, Inc. - Common Stock",NASDAQ
ENR,"Energizer Holdings, Inc. Common Stock",NYSE
ENRD,Einride AB - American Depositary Shares,NASDAQ
ENS,EnerSys Common Stock,NYSE
ENSC,"Ensysce Biosciences, Inc. - Common Stock",NASDAQ
ENSG,"The Ensign Group, Inc. - Common Stock",NASDAQ
ENTA,"Enanta Pharmaceuticals, Inc. - Common Stock",NASDAQ
ENTG,"Entegris, Inc. - Common Stock",NASDAQ
ENTX,Entera Bio Ltd. - Ordinary Shares,NASDAQ
ENVA,"Enova International, Inc. Common Stock",NYSE
ENVB,"Enveric Biosciences, Inc.  - Common Stock",NASDAQ
ENVX,Enovix Corporation - Common Stock,NASDAQ
EOCN,Eocene Ltd. - Ordinary Shares,NASDAQ
EOG,"EOG Resources, Inc. Common Stock",NYSE
EOLS,"Evolus, Inc. - Common Stock",NASDAQ
EONR,EON Resources Inc. Class A Common Stock,NYSE American
EOSE,"Eos Energy Enterprises, Inc. - Common Stock",NASDAQ
EP,Empire Petroleum Corporation Common Stock,NYSE American
EPAC,Enerpac Tool Group Corp. Common Stock,NYSE
EPAM,"EPAM Systems, Inc. Common Stock",NYSE
EPC,Edgewell Personal Care Company Common Stock,NYSE
EPD,Enterprise Products Partners L.P. Common Stock,NYSE
EPM,"Evolution Petroleum Corporation, Inc. Common Stock",NYSE American
EPOW,E-Power Inc. - Class A Ordinary Shares,NASDAQ
EPR,EPR Properties Common Stock,NYSE
EPRT,"Essential Properties Realty Trust, Inc. Common Stock",NYSE
EPRX,Eupraxia Pharmaceuticals Inc. - Common Stock,NASDAQ
EPSM,Epsium Enterprise Limited - Class A Ordinary Shares,NASDAQ
EPSN,Epsilon Energy Ltd. - Common Shares,NASDAQ
EQ,"Equillium, Inc. - Common Stock",NASDAQ
EQBK,"Equity Bancshares, Inc. Class A Common Stock",NYSE
EQH,"Equitable Holdings, Inc. Common Stock",NYSE
EQIX,"Equinix, Inc. - Common Stock",NASDAQ
EQNR,Equinor ASA,NYSE
EQPT,EquipmentShare.com Inc - Class A Common Stock,NASDAQ
EQT,EQT Corporation Common Stock,NYSE
EQX,Equinox Gold Corp. Common Shares,NYSE American
ERAS,"Erasca, Inc. - Common Stock",NASDAQ
ERIC,Ericsson - American Depositary Shares each representing 1 underlying Class B share,NASDAQ
ERIE,Erie Indemnity Company - Class A Common Stock,NASDAQ
ERII,"Energy Recovery, Inc. - Common Stock",NASDAQ
ERNA,Ernexa Therapeutics Inc. - Common Stock,NASDAQ
ERO,Ero Copper Corp. Common Shares,NYSE
EROC,"ERock, Inc. Class A Common Stock",NYSE
EROK,"EagleRock Land, LLC Class A shares representing limited liability company interests",NYSE
ES,Eversource Energy (D/B/A) Common Stock,NYSE
ESAB,ESAB Corporation Common Stock,NYSE
ESCA,"Escalade, Incorporated - Common Stock",NASDAQ
ESE,ESCO Technologies Inc. Common Stock,NYSE
ESEA,Euroseas Ltd. - Common Stock,NASDAQ
ESI,Element Solutions Inc. Common Stock,NYSE
ESLA,"Estrella Immunopharma, Inc. - Common Stock",NASDAQ
ESLT,Elbit Systems Ltd. - Ordinary Shares,NASDAQ
ESNT,Essent Group Ltd. Common Shares,NYSE
ESOA,Energy Services of America Corporation - Common Stock,NASDAQ
ESP,Espey Mfg. & Electronics Corp. Common Stock,NYSE American
ESQ,"Esquire Financial Holdings, Inc. - Common Stock",NASDAQ
ESRT,"Empire State Realty Trust, Inc. Class A Common Stock",NYSE
ESS,"Essex Property Trust, Inc. Common Stock",NYSE
ESTA,Establishment Labs Holdings Inc. - Common Shares,NASDAQ
ESTC,Elastic N.V. Ordinary Shares,NYSE
ESYN,EnerSyn Global Inc. - Common Stock,NASDAQ
ETD,Ethan Allen Interiors Inc. Common Stock,NYSE
ETN,"Eaton Corporation, PLC Ordinary Shares",NYSE
ETO,Eaton Vance Tax-Advantage Global Dividend Opp Common Stock,NYSE
ETON,"Eton Pharmaceuticals, Inc. - Common Stock",NASDAQ
ETOR,eToro Group Ltd. - Class A Common Shares,NASDAQ
ETR,Entergy Corporation Common Stock,NYSE
ETRA,"Electra Therapeutics, Inc. - Common stock",NASDAQ
ETS,Elite Express Holding Inc. - Class A Common Stock,NASDAQ
ETSS,Energy Transition Special Opportunities Class A Ordinary Shares,NYSE
ETSY,"Etsy, Inc. Common Stock",NYSE
EU,enCore Energy Corp. - Common Stock,NASDAQ
EUDA,Euda Health Holdings Limited - Ordinary Shares,NASDAQ
EURK,Eureka Acquisition Corp - Class A Ordinary Share,NASDAQ
EVAC,EQV Ventures Acquisition Corp. II Class A Ordinary Shares,NYSE
EVAX,Evaxion A/S - American Depositary Share,NASDAQ
EVC,Entravision Communications Corporation Common Stock,NYSE
EVCM,EverCommerce Inc. - Common Stock,NASDAQ
EVER,"EverQuote, Inc. - Class A Common Stock",NASDAQ
EVEX,"Eve Holding, Inc. Common Stock",NYSE
EVGN,Evogene Ltd. - Ordinary Shares,NASDAQ
EVGO,EVgo Inc. - Common Stock,NASDAQ
EVH,"Evolent Health, Inc Class A Common Stock",NYSE
EVI,"EVI Industries, Inc.  Common Stock",NYSE American
EVLV,"Evolv Technologies Holdings, Inc. - Class A Common Stock",NASDAQ
EVMN,"Evommune, Inc. Common Stock",NYSE
EVO,Evotec SE - American Depositary Shares each representing 1/2 of one ordinary share,NASDAQ
EVOX,Evolution Global Acquisition Corp - Class A Ordinary Shares,NASDAQ
EVR,Evercore Inc. Class A Common Stock,NYSE
EVRG,"Evergy, Inc. - Common Stock",NASDAQ
EVTC,"Evertec, Inc. Common Stock",NYSE
EVTL,Vertical Aerospace Ltd. Ordinary Shares,NYSE
EW,Edwards Lifesciences Corporation Common Stock,NYSE
EWAV,East West Ave Acquisition Corp. - Common Stock,NASDAQ
EWBC,"East West Bancorp, Inc. - Common Stock",NASDAQ
EWTX,"Edgewise Therapeutics, Inc. - Common Stock",NASDAQ
EXC,Exelon Corporation - Common Stock,NASDAQ
EXE,Expand Energy Corporation - Common Stock,NASDAQ
EXEL,"Exelixis, Inc. - Common Stock",NASDAQ
EXFY,"Expensify, Inc. - Class A Common Stock",NASDAQ
EXK,Endeavour Silver Corporation Ordinary Shares (Canada),NYSE
EXLS,"ExlService Holdings, Inc. - Common Stock",NASDAQ
EXOD,"Exodus Movement, Inc. Class A Common Stock",NYSE American
EXOZ,eXoZymes Inc. - Common Stock,NASDAQ
EXP,Eagle Materials Inc Common Stock,NYSE
EXPD,"Expeditors International of Washington, Inc. Common Stock",NYSE
EXPE,"Expedia Group, Inc. - Common Stock",NASDAQ
EXPO,"Exponent, Inc. - Common Stock",NASDAQ
EXR,Extra Space Storage Inc Common Stock,NYSE
EXTR,"Extreme Networks, Inc. - Common Stock",NASDAQ
EXYN,"Exyn Technologies, Inc. - Common Stock",NASDAQ
EYE,"National Vision Holdings, Inc. - Common Stock",NASDAQ
EYPT,"EyePoint, Inc. - Common Stock",NASDAQ
EZGO,EZGO Technologies Ltd. - Ordinary Shares,NASDAQ
EZPW,"EZCORP, Inc. - Class A Non-Voting Common Stock",NASDAQ
EZRA,"Reliance Global Group, Inc. - Common Stock",NASDAQ
F,Ford Motor Company Common Stock,NYSE
FA,First Advantage Corporation - Common Stock,NASDAQ
FABC,"Fabric.AI, Inc. - Common Stock",NASDAQ
FAC,Factorial Energy Inc. - Class A Common Stock,NASDAQ
FACT,FACT II Acquisition Corp. - Class A Ordinary Shares,NASDAQ
FAF,First American Corporation (New) Common Stock,NYSE
FAMI,"Farmmi, Inc. - Class A Ordinary Shares",NASDAQ
FANG,"Diamondback Energy, Inc. - Common Stock",NASDAQ
FAST,Fastenal Company - Common Stock,NASDAQ
FATE,"Fate Therapeutics, Inc. - Common Stock",NASDAQ
FATN,"FatPipe, Inc. - common stock",NASDAQ
FBDT,First Breach Inc. - Common Stock,NASDAQ
FBGL,FBS Global Limited - Ordinary Shares,NASDAQ
FBIN,"Fortune Brands Innovations, Inc. Common Stock",NYSE
FBIO,"Fortress Biotech, Inc. - Common Stock",NASDAQ
FBIZ,"First Business Financial Services, Inc. - Common Stock",NASDAQ
FBK,FB Financial Corporation Common Stock,NYSE
FBLA,"FB Bancorp, Inc. - Common Stock",NASDAQ
FBLG,"FibroBiologics, Inc. - Common Stock",NASDAQ
FBNC,First Bancorp - Common Stock,NASDAQ
FBP,First BanCorp. New Common Stock,NYSE
FBRT,"Franklin BSP Realty Trust, Inc. Common Stock",NYSE
FBYD,"Falcon's Beyond Global, Inc. - Class A Common Stock",NASDAQ
FC,Franklin Covey Company Common Stock,NYSE
FCAP,"First Capital, Inc. - Common Stock",NASDAQ
FCBC,"First Community Bankshares, Inc. - Common Stock",NASDAQ
FCBM,"First Carolina Financial Services, Inc. Common Stock",NYSE
FCCO,First Community Corporation - Common Stock,NASDAQ
FCEL,"FuelCell Energy, Inc. - Common Stock",NASDAQ
FCF,First Commonwealth Financial Corporation Common Stock,NYSE
FCFS,"FirstCash Holdings, Inc. - Common Stock",NASDAQ
FCHL,Fitness Champs Holdings Limited - Ordinary Shares,NASDAQ
FCN,"FTI Consulting, Inc. Common Stock",NYSE
FCNCA,"First Citizens BancShares, Inc. - Class A Common Stock",NASDAQ
FCPT,"Four Corners Property Trust, Inc. Common Stock",NYSE
FCRS,FutureCrest Acquisition Corp. Class A Ordinary Shares,NYSE
FCUV,Focus Universal Inc. - Common Stock,NASDAQ
FCX,"Freeport-McMoRan, Inc. Common Stock",NYSE
FDBC,"Fidelity D & D Bancorp, Inc. - Common Stock",NASDAQ
FDMM,Freedom Metals Acquisition Corp. - Class A Ordinary Shares,NASDAQ
FDMT,"4D Molecular Therapeutics, Inc. - Common Stock",NASDAQ
FDS,FactSet Research Systems Inc. Common Stock,NYSE
FDSB,"Fifth District Bancorp, Inc. - Common Stock",NASDAQ
FDX,FedEx Corporation Common Stock,NYSE
FDXF,"FedEx Freight Holding Company, Inc. Common Stock",NYSE
FE,FirstEnergy Corp. Common Stock,NYSE
FEAM,"5E Advanced Materials, Inc. - Common Stock",NASDAQ
FEBO,Fenbo Holdings Limited - Class A Ordinary Shares,NASDAQ
FEDU,"Four Seasons Education (Cayman) Inc. American Depositary Shares, each ADS representing 10 ordinary shares",NYSE
FEIM,"Frequency Electronics, Inc. - Common Stock",NASDAQ
FELE,"Franklin Electric Co., Inc. - Common Stock",NASDAQ
FEMY,Femasys Inc. - Common Stock,NASDAQ
FENC,Fennec Pharmaceuticals Inc. - Common Stock,NASDAQ
FENG,"Phoenix New Media Limited American Depositary Shares, each representing 48 Class A ordinary shares.",NYSE
FER,Ferrovial N.V. - Ordinary Shares,NASDAQ
FERA,Fifth Era Acquisition Corp I - Class A Ordinary Shares,NASDAQ
FERG,Ferguson Enterprises Inc. Common Stock,NYSE
FET,"Forum Energy Technologies, Inc. Common Stock",NYSE
FF,FutureFuel Corp.  Common shares,NYSE
FFAI,Faraday Future Intelligent Electric Inc. - Class A Common Stock,NASDAQ
FFBC,First Financial Bancorp. - Common Stock,NASDAQ
FFIN,"First Financial Bankshares, Inc. - Common Stock",NASDAQ
FFIV,"F5, Inc. - Common Stock",NASDAQ
FG,"F&G Annuities & Life, Inc. Common Stock",NYSE
FGBI,"First Guaranty Bancshares, Inc. - Common Stock",NASDAQ
FGI,FGI Industries Ltd. - Ordinary Shares,NASDAQ
FGII,FG Imperii Acquisition Corp. - Class A Ordinary Shares,NASDAQ
FGL,Founder Group Limited - Class A Ordinary Shares,NASDAQ
FGNX,FG Nexus Inc. - Common Stock,NASDAQ
FHB,"First Hawaiian, Inc. - Common Stock",NASDAQ
FHI,"Federated Hermes, Inc. Common Stock",NYSE
FHN,First Horizon Corporation Common Stock,NYSE
FHTX,Foghorn Therapeutics Inc. - Common Stock,NASDAQ
FIBK,"First Interstate BancSystem, Inc. - Common Stock",NASDAQ
FICO,Fair Isaac Corporation Common Stock,NYSE
FIEE,"FiEE, Inc - Common Stock",NASDAQ
FIG,"Figma, Inc. Class A Common Stock",NYSE
FIGR,"Figure Technology Solutions, Inc. - Class A Common Stock",NASDAQ
FIGS,"FIGS, Inc. Class A Common Stock",NYSE
FIGX,FIGX Capital Acquisition Corp. - Class A ordinary share,NASDAQ
FINV,FinVolution Group American Depositary Shares,NYSE
FINW,FinWise Bancorp - Common Stock,NASDAQ
FIP,FTAI Infrastructure Inc. - Common Stock,NASDAQ
FIRY,Firy Inc. Class A Common Stock,NYSE
FIS,"Fidelity National Information Services, Inc. Common Stock",NYSE
FISI,"Financial Institutions, Inc. - Common Stock",NASDAQ
FISN,"Deep Fission, Inc. - Common Stock",NASDAQ
FISV,"Fiserv, Inc. - Common Stock",NASDAQ
FITB,Fifth Third Bancorp Common Stock,NYSE
FIVE,"Five Below, Inc. - Common Stock",NASDAQ
FIVN,"Five9, Inc. - Common Stock",NASDAQ
FIX,"Comfort Systems USA, Inc. Common Stock",NYSE
FIZZ,National Beverage Corp. - Common Stock,NASDAQ
FJDI,ARC Group Securities Acquisition I - Class A Ordinary Shares,NASDAQ
FJET,"Starfighters Space, Inc. Common Stock",NYSE American
FKWL,Franklin Wireless Corp. - common stock,NASDAQ
FLD,"Fold Holdings, Inc. - Class A Common Stock",NASDAQ
FLEX,Flex Ltd. - Ordinary Shares,NASDAQ
FLG,"Flagstar Bank, N.A. Common Stock",NYSE
FLGT,"Fulgent Genetics, Inc. - Common Stock",NASDAQ
FLL,"Full House Resorts, Inc. - Common Stock",NASDAQ
FLNA,"Filana Therapeutics, Inc. - Common Stock",NASDAQ
FLNC,"Fluence Energy, Inc. - Class A Common Stock",NASDAQ
FLNG,FLEX LNG Ltd. Ordinary Shares,NYSE
FLNT,"Fluent, Inc. - Common Stock",NASDAQ
FLO,"Flowers Foods, Inc. Common Stock",NYSE
FLOC,Flowco Holdings Inc. Class A Common Stock,NYSE
FLR,Fluor Corporation Common Stock,NYSE
FLS,Flowserve Corporation Common Stock,NYSE
FLUT,Flutter Entertainment plc Ordinary Shares,NYSE
FLUX,"Flux Power Holdings, Inc. - Common Stock",NASDAQ
FLWS,"1-800-FLOWERS.COM, Inc. - Class A Common Stock",NASDAQ
FLX,BingEx Limited - American Depositary Shares,NASDAQ
FLXS,"Flexsteel Industries, Inc. - Common Stock",NASDAQ
FLY,Firefly Aerospace Inc. - Common Stock,NASDAQ
FLYE,"Fly-E Group, Inc. - Common Stock",NASDAQ
FLYW,Flywire Corporation - Voting Common Stock,NASDAQ
FLYX,"flyExclusive, Inc. Class A Common Stock",NYSE American
FMAC,Future Money Acquisition Corporation - Ordinary Shares,NASDAQ
FMAO,"Farmers & Merchants Bancorp, Inc. - Common Stock",NASDAQ
FMBH,"First Mid Bancshares, Inc. - Common Stock",NASDAQ
FMC,FMC Corporation Common Stock,NYSE
FMFC,Kandal M Venture Limited - Class A ordinary Shares,NASDAQ
FMNB,Farmers National Banc Corp. - Common Stock,NASDAQ
FMS,Fresenius Medical Care AG American Depositary Shares (Each representing 1/2 of an Ordinary Share),NYSE
FMST,Foremost Clean Energy Ltd. - Common Shares,NASDAQ
FMX,Fomento Economico Mexicano S.A.B. de C.V. Common Stock,NYSE
FN,Fabrinet Ordinary Shares,NYSE
FNB,F.N.B. Corporation Common Stock,NYSE
FND,"Floor & Decor Holdings, Inc. Common Stock",NYSE
FNF,"Fidelity National Financial, Inc. Common Stock",NYSE
FNGR,"FingerMotion, Inc. - common stock",NASDAQ
FNKO,"Funko, Inc. - Class A Common Stock",NASDAQ
FNLC,"First Bancorp, Inc (ME) - Common Stock",NASDAQ
FNRN,First Northern Community Bancorp - Common stock,NASDAQ
FNUC,Frontier Nuclear and Minerals Inc. - Common Shares,NASDAQ
FNV,Franco-Nevada Corporation,NYSE
FNWB,First Northwest Bancorp - Common Stock,NASDAQ
FNWD,Finward Bancorp - common stock,NASDAQ
FOA,Finance of America Companies Inc. Class A Common Stock,NYSE
FOCL,"EDAP TMS S.A. - American Depositary Shares, each representing One Ordinary Share",NASDAQ
FOFO,"Hang Feng Technology Innovation Co., Ltd. - Ordinary Shares",NASDAQ
FOIL,"Londian Wason New Energy Tech Inc. American Depositary Shares, each representing five Ordinary Shares",NYSE
FOR,Forestar Group Inc Common Stock,NYSE
FORM,"FormFactor, Inc. - Common Stock",NASDAQ
FORR,"Forrester Research, Inc. - Common Stock",NASDAQ
FORTY,Formula Systems (1985) Ltd. - American Depositary Shares,NASDAQ
FOSL,"Fossil Group, Inc. - Common Stock",NASDAQ
FOUR,"Shift4 Payments, Inc. Class A Common Stock",NYSE
FOX,Fox Corporation - Class B Common Stock,NASDAQ
FOXA,Fox Corporation - Class A Common Stock,NASDAQ
FOXF,Fox Factory Holding Corp. - Common Stock,NASDAQ
FOXX,Foxx Development Holdings Inc. - Common Stock,NASDAQ
FPH,"Five Point Holdings, LLC Class A Common Shares",NYSE
FPI,Farmland Partners Inc. Common Stock,NYSE
FPS,"Forgent Power Solutions, Inc. Class A Common Stock",NYSE
FR,"First Industrial Realty Trust, Inc. Common Stock",NYSE
FRAF,Franklin Financial Services Corporation - Common Stock,NASDAQ
FRBA,First Bank  - Common Stock,NASDAQ
FRBT,"Forbright, Inc. - Class A Common Stock",NASDAQ
FRD,Friedman Industries Inc. - Common Stock,NASDAQ
FRGT,"Freight Technologies, Inc. - Ordinary Shares",NASDAQ
FRHC,Freedom Holding Corp. - Common Stock,NASDAQ
FRME,First Merchants Corporation - Common Stock,NASDAQ
FRMI,Fermi Inc. - Common Stock,NASDAQ
FRMM,"Forum Markets, Incorporated - Common Stock",NASDAQ
FRNM,"Freenome, Inc. - Common stock",NASDAQ
FRO,Frontline Plc Ordinary Shares,NYSE
FROG,JFrog Ltd. - Ordinary shares,NASDAQ
FRPH,"FRP Holdings, Inc. - Common Stock",NASDAQ
FRPT,"Freshpet, Inc. - Common Stock",NASDAQ
FRSH,Freshworks Inc. - Class A Common Stock,NASDAQ
FRST,Primis Financial Corp. - Common Stock,NASDAQ
FRSX,Foresight Autonomous Holdings Ltd. - American Depositary Shares,NASDAQ
FRT,Federal Realty Investment Trust Common Stock,NYSE
FRTT,Fort Technology Inc. - Common Shares,NASDAQ
FRVO,Fervo Energy Company - Class A common stock,NASDAQ
FSBC,Five Star Bancorp - Common Stock,NASDAQ
FSBW,"FS Bancorp, Inc. - Common Stock",NASDAQ
FSEA,"First Seacoast Bancorp, Inc. - Common Stock",NASDAQ
FSHP,Flag Ship Acquisition Corp. - Ordinary Shares,NASDAQ
FSI,Flexible Solutions International Inc. Common Stock (CDA),NYSE American
FSK,FS KKR Capital Corp. Common Stock,NYSE
FSLR,"First Solar, Inc. - Common Stock",NASDAQ
FSLY,"Fastly, Inc. - Class A Common Stock",NASDAQ
FSM,Fortuna Mining Corp. Common Shares,NYSE
FSP,Franklin Street Properties Corp. Common Stock,NYSE American
FSS,Federal Signal Corporation Common Stock,NYSE
FSTR,L.B. Foster Company - Common Stock,NASDAQ
FSUN,FirstSun Capital Bancorp - Common Stock,NASDAQ
FSV,FirstService Corporation - Common Shares,NASDAQ
FT,Franklin Universal Trust Common Stock,NYSE
FTAI,FTAI Aviation Ltd. - Common Stock,NASDAQ
FTCI,"FTC Solar, Inc. - Common Stock",NASDAQ
FTDR,"Frontdoor, Inc. - Common Stock",NASDAQ
FTEK,"Fuel Tech, Inc. - Common Stock",NASDAQ
FTFT,Future FinTech Group Inc. - Common Stock,NASDAQ
FTH,"Faeth Therapeutics, Inc.  - Common Stock",NASDAQ
FTHA,Forefront Tech Holdings Acquisition Corp - Class A Ordinary Shares,NASDAQ
FTHM,Fathom Holdings Inc. - Common Stock,NASDAQ
FTI,TechnipFMC plc Ordinary Share,NYSE
FTK,"Flotek Industries, Inc. Common Stock",NYSE
FTLF,"FitLife Brands, Inc. - Common Stock",NASDAQ
FTNT,"Fortinet, Inc. - Common Stock",NASDAQ
FTRA,FutureCorp Space Acquisition 1 Class A Ordinary Shares,NYSE
FTRE,Fortrea Holdings Inc. - Common Stock,NASDAQ
FTS,Fortis Inc. Common Shares,NYSE
FTV,Fortive Corporation Common Stock,NYSE
FTW,Presidio Production Company Class A Common Stock,NYSE
FUBO,FuboTV Inc. Class A Common Stock,NYSE
FUFU,BitFuFu Inc. - Class A Ordinary Shares,NASDAQ
FUL,H. B. Fuller Company Common Stock,NYSE
FULC,"Fulcrum Therapeutics, Inc. - Common Stock",NASDAQ
FULT,Fulton Financial Corporation - Common Stock,NASDAQ
FUN,Six Flags Entertainment Corporation Common Stock New,NYSE
FUNC,First United Corporation - Common Stock,NASDAQ
FURY,Fury Gold Mines Limited Common Shares,NYSE American
FUSB,"First US Bancshares, Inc. - Common Stock",NASDAQ
FUSE,Fusemachines Inc. - Common stock,NASDAQ
FUTU,Futu Holdings Limited - American Depositary Shares,NASDAQ
FVAV,Fortress Value Acquisition Corp. V - Class A Ordinary Shares,NASDAQ
FVCB,"FVCBankcorp, Inc. - Common Stock",NASDAQ
FVN,Future Vision II Acquisition Corporation - Ordinary Shares,NASDAQ
FVR,"FrontView REIT, Inc. Common Stock",NYSE
FVRR,"Fiverr International Ltd. Ordinary Shares, no par value",NYSE
FWAC,Futurewave Acquisition Corporation - Ordinary Shares,NASDAQ
FWDI,"Forward Industries, Inc. - Common Stock",NASDAQ
FWONA,Liberty Media Corporation - Series A Common Stock,NASDAQ
FWONK,Liberty Media Corporation - Series C Common Stock,NASDAQ
FWRD,Forward Air Corporation - Common Stock,NASDAQ
FWRG,"First Watch Restaurant Group, Inc. - Common Stock",NASDAQ
FXAC,FortuneX Acquisition Corporation - Ordinary shares,NASDAQ
FXHO,UTime Limited - Class A Ordinary Shares,NASDAQ
FXNC,First National Corporation - Common Stock,NASDAQ
G,Genpact Limited Common Stock,NYSE
GAB,"Gabelli Equity Trust, Inc. (The) Common Stock",NYSE
GABC,"German American Bancorp, Inc. - Common Stock",NASDAQ
GAIA,"Gaia, Inc. - Class A Common Stock",NASDAQ
GAIN,Gladstone Investment Corporation - Business Development Company,NASDAQ
GALT,Galectin Therapeutics Inc. - Common Stock,NASDAQ
GAM,"General American Investors, Inc. Common Stock",NYSE
GAME,"GameSquare Holdings, Inc. - Common stock",NASDAQ
GANX,"Gain Therapeutics, Inc. - Common Stock",NASDAQ
GAP,"Gap, Inc. (The) Common Stock",NYSE
GASS,"StealthGas, Inc. - common stock",NASDAQ
GATX,GATX Corporation Common Stock,NYSE
GAU,Galiano Gold Inc.,NYSE American
GAUZ,Gauzy Ltd. - Ordinary Shares,NASDAQ
GBCI,"Glacier Bancorp, Inc. Common Stock",NYSE
GBFH,GBank Financial Holdings Inc. - Common Stock,NASDAQ
GBLI,"Global Indemnity Group, LLC - Class A Common Shares",NASDAQ
GBR,"New Concept Energy, Inc Common Stock",NYSE American
GBTG,"Global Business Travel Group, Inc. Class A Common Stock",NYSE
GBX,"Greenbrier Companies, Inc. (The) Common Stock",NYSE
GCBC,"Greene County Bancorp, Inc. - Common Stock",NASDAQ
GCDT,Green Circle Decarbonize Technology Limited Class A Ordinary Shares,NYSE American
GCGR,General Catalyst Global Resilience Merger Corp. - Class A Ordinary Shares,NASDAQ
GCL,GCL Global Holdings Ltd - Ordinary Shares,NASDAQ
GCMG,GCM Grosvenor Inc. - Class A Common Stock,NASDAQ
GCO,Genesco Inc. Common Stock,NYSE
GCT,GigaCloud Technology Inc - Class A Ordinary Shares,NASDAQ
GCTK,"GlucoTrack, Inc. - Common Stock",NASDAQ
GCTS,"GCT Semiconductor Holding, Inc. Common Stock",NYSE
GD,General Dynamics Corporation Common Stock,NYSE
GDC,GD Culture Group Limited - Common Stock,NASDAQ
GDDY,GoDaddy Inc. Class A Common Stock,NYSE
GDEV,GDEV Inc. - Ordinary Shares,NASDAQ
GDHG,Golden Heaven Group Holdings Ltd.  - Class A Ordinary Shares,NASDAQ
GDOT,"Green Dot Corporation Class A Common Stock, $0.001 par value",NYSE
GDRX,"GoodRx Holdings, Inc. - Class A Common Stock",NASDAQ
GDS,GDS Holdings Limited - American Depositary Shares,NASDAQ
GDTC,CytoMed Therapeutics Limited - Ordinary Shares,NASDAQ
GDYN,"Grid Dynamics Holdings, Inc. - Class A Common Stock",NASDAQ
GE,GE Aerospace Common Stock,NYSE
GEF,Greif Inc. Class A Common Stock,NYSE
GEF-B,"Greif, Inc. Corporation Class B Common Stock",NYSE
GEG,"Great Elm Group, Inc.  - Common Stock",NASDAQ
GEHC,GE HealthCare Technologies Inc. - Common Stock,NASDAQ
GELS,Gelteq Limited - Ordinary Shares,NASDAQ
GEMI,"Gemini Space Station, Inc. - Class A Common Stock",NASDAQ
GEN,Gen Digital Inc. - Common Stock,NASDAQ
GENB,"Generate Biomedicines, Inc. - Common Stock",NASDAQ
GENC,"Gencor Industries, Inc. Common Stock",NYSE American
GENI,Genius Sports Limited Ordinary Shares,NYSE
GENK,"GEN Restaurant Group, Inc. - Class A Common Stock",NASDAQ
GEO,Geo Group Inc (The) REIT,NYSE
GEOS,Geospace Technologies Corporation - Common Stock,NASDAQ
GERN,Geron Corporation - Common Stock,NASDAQ
GETY,"Getty Images Holdings, Inc. Class A Common Stock",NYSE
GEV,GE Vernova Inc. Common Stock,NYSE
GEVO,"Gevo, Inc. - Common Stock",NASDAQ
GFAI,"Guardforce AI Co., Limited - Ordinary Shares",NASDAQ
GFF,Griffon Corporation Common Stock,NYSE
GFI,Gold Fields Limited American Depositary Shares,NYSE
GFL,"GFL Environmental Inc. Subordinate voting shares, no par value",NYSE
GFR,Greenfire Resources Ltd. Common Shares,NYSE
GFS,GlobalFoundries Inc. - Ordinary Share,NASDAQ
GFUZ,General Fusion Group Ltd. - Common Shares,NASDAQ
GGAL,"Grupo Financiero Galicia S.A. - American Depositary Shares, Class B Shares underlying",NASDAQ
GGB,Gerdau S.A. Common Stock,NYSE
GGG,Graco Inc. Common Stock,NYSE
GGR,Gogoro Inc. - Ordinary Shares,NASDAQ
GGT,"Gabelli Multi-Media Trust, Inc. (The) Common Stock",NYSE
GGZ,Gabelli Global Small and Mid Cap Value Trust (The) Common Shares of Beneficial Interest,NYSE
GH,"Guardant Health, Inc. - Common Stock",NASDAQ
GHC,Graham Holdings Company Common Stock,NYSE
GHG,"GreenTree Hospitality Group Ltd. American depositary shares, each representing one Class A ordinary share",NYSE
GHM,Graham Corporation Common Stock,NYSE
GHRS,GH Research PLC - Ordinary Shares,NASDAQ
GHXI,"Gores Holdings XI, Inc. - Class A Ordinary Shares",NASDAQ
GIB,CGI Inc. Common Stock,NYSE
GIBO,GIBO Holdings Limited - Class A Ordinary Shares,NASDAQ
GIC,Global Industrial Company Common Stock,NYSE
GIFT,"Giftify, Inc. - Common Stock",NASDAQ
GIGM,GigaMedia Limited - Ordinary Shares,NASDAQ
GIII,"G-III Apparel Group, LTD. - Common Stock",NASDAQ
GIL,"Gildan Activewear, Inc. Class A Sub. Vot. Common Stock",NYSE
GILD,"Gilead Sciences, Inc. - Common Stock",NASDAQ
GILT,Gilat Satellite Networks Ltd. - Ordinary Shares,NASDAQ
GIPR,Generation Income Properties Inc. - Common stock,NASDAQ
GIS,"General Mills, Inc. Common Stock",NYSE
GITS,"Global Interactive Technologies, Inc. Common Stock - Common Stock",NASDAQ
GIW,GigCapital8 Corp. - Class A Ordinary Shares,NASDAQ
GIX,GigCapital9 Corp. - Class A Ordinary Share,NASDAQ
GIXI,Gix Internet Ltd. - Ordinary Shares,NASDAQ
GJH,Synthetic Fixed-Income Securities Inc 6.375% (STRATS) Cl A-1,NYSE
GJO,"Synthetic Fixed-Income Securities, Inc. on behalf of STRATS(SM) Trust for Wal-Mart Stores, Inc. Securities, Series 2004-5",NYSE
GJR,"Synthetic Fixed-Income Securities, Inc. STRATS Trust for Procter&Gamble Securities, Series 2006-1",NYSE
GJS,"Goldman Sachs Group Securities STRATS Trust for Goldman Sachs Group Securities, Series 2006-2",NYSE
GKOS,Glaukos Corporation Common Stock,NYSE
GL,Globe Life Inc. Common Stock,NYSE
GLAS,Glass House Brands Inc. Subordinate Voting Shares,NYSE
GLBE,Global-E Online Ltd. - ordinary shares,NASDAQ
GLBS,Globus Maritime Limited - Common Stock,NASDAQ
GLDG,GoldMining Inc. Common Shares,NYSE American
GLE,Global Engine Group Holding Limited - Class A Ordinary Shares,NASDAQ
GLED,GalaxyEdge Acquisition Corporation Ordinary Shares,NYSE
GLIBA,Liberty Capital Corporation - Series A GCI Group Common Stock,NASDAQ
GLIBK,Liberty Capital Corporation - Series C GCI Group Common Stock,NASDAQ
GLND,Greenland Energy Company - Common Stock,NASDAQ
GLNG,Golar LNG Limited - Common Shares,NASDAQ
GLOB,Globant S.A. Common Shares,NYSE
GLOO,"Gloo Holdings, Inc. - Common Stock",NASDAQ
GLPI,"Gaming and Leisure Properties, Inc. - Common Stock",NASDAQ
GLRE,"Greenlight Reinsurance, Ltd. - Class A Ordinary Shares",NASDAQ
GLSI,"Greenwich LifeSciences, Inc. - Common stock",NASDAQ
GLU,Gabelli Global Utility Common Shares of Beneficial Ownership,NYSE American
GLUE,"Monte Rosa Therapeutics, Inc. - Common Stock",NASDAQ
GLW,Corning Incorporated Common Stock,NYSE
GLXG,Galaxy Payroll Group Limited - Class A Ordinary Shares,NASDAQ
GLXY,Galaxy Digital Inc. - Class A common stock,NASDAQ
GM,General Motors Company Common Stock,NYSE
GMAB,Genmab A/S - American Depositary Shares,NASDAQ
GME,GameStop Corporation Common Stock,NYSE
GMED,"Globus Medical, Inc. Class A Common Stock",NYSE
GMEX,GMEX ROBOTICS CORPORATION - Class A Ordinary Shares,NASDAQ
GMHS,Gamehaus Holdings Inc. - Class A Ordinary Shares,NASDAQ
GMM,Global Mofy AI Limited  - Class A Ordinary Shares,NASDAQ
GMRS,GMR Solutions Inc. Class A Common Stock,NYSE
GMTL,Guardian Metal Resources PLC ADS,NYSE American
GNE,Genie Energy Ltd. Class B Common Stock Stock,NYSE
GNK,Genco Shipping & Trading Limited Ordinary Shares New (Marshall Islands),NYSE
GNL,"Global Net Lease, Inc. Common Stock",NYSE
GNLN,"Greenlane Holdings, Inc. - Class A Common Stock",NASDAQ
GNLX,Genelux Corporation - Common Stock,NASDAQ
GNPX,"Genprex, Inc. - Common Stock",NASDAQ
GNRC,Generac Holdlings Inc. Common Stock,NYSE
GNS,Genius Group Limited Ordinary Shares,NYSE American
GNSS,Genasys Inc. - Common Stock,NASDAQ
GNTA,Genenta Science S.p.A. - American Depositary Shares,NASDAQ
GNTX,Gentex Corporation - Common Stock,NASDAQ
GNW,Genworth Financial Inc Common Stock,NYSE
GO,Grocery Outlet Holding Corp. - Common Stock,NASDAQ
GOAI,Eva Live Inc. - Common Stock,NASDAQ
GOGO,Gogo Inc. - Common Stock,NASDAQ
GOLD,"Gold.com, Inc. Common Stock",NYSE
GOLF,Acushnet Holdings Corp. Common Stock,NYSE
GOOD,Gladstone Commercial Corporation - Real Estate Investment Trust,NASDAQ
GOOG,Alphabet Inc. - Class C Capital Stock,NASDAQ
GOOGL,Alphabet Inc. - Class A Common Stock,NASDAQ
GOOS,Canada Goose Holdings Inc. Subordinate Voting Shares,NYSE
GORO,Goldgroup Mining Inc. Common Shares,NYSE American
GOSS,"Gossamer Bio, Inc. - Common Stock",NASDAQ
GOTU,Gaotu Techedu Inc. American Depositary Shares,NYSE
GOVX,"GeoVax Labs, Inc. - Common Stock",NASDAQ
GP,GreenPower Motor Company Inc. - Common Shares,NASDAQ
GPAC,General Purpose Acquisition Corp. - Class A Ordinary Shares,NASDAQ
GPAT,GP-Act III Acquisition Corp. - Class A Ordinary Share,NASDAQ
GPC,Genuine Parts Company Common Stock,NYSE
GPCR,Structure Therapeutics Inc. - American Depositary Shares,NASDAQ
GPGI,"GPGI, Inc. Class A Common Stock",NYSE
GPI,"Group 1 Automotive, Inc. Common Stock",NYSE
GPK,Graphic Packaging Holding Company,NYSE
GPMT,Granite Point Mortgage Trust Inc. Common Stock,NYSE
GPN,Global Payments Inc. Common Stock,NYSE
GPOR,Gulfport Energy Corporation Common Shares,NYSE
GPRE,"Green Plains, Inc. - Common Stock",NASDAQ
GPRK,Geopark Ltd Common Shares,NYSE
GPRO,"GoPro, Inc. - Class A Common Stock",NASDAQ
GPUS,"Hyperscale Data, Inc. Common Stock",NYSE American
GRAB,Grab Holdings Limited - Class A Ordinary Shares,NASDAQ
GRAL,"GRAIL, Inc. - Common Stock",NASDAQ
GRAN,Grande Group Limited - Class A Ordinary Shares,NASDAQ
GRBK,"Green Brick Partners, Inc. Common Stock",NYSE
GRC,Gorman-Rupp Company (The) Common Stock,NYSE
GRCE,"Grace Therapeutics, Inc. - Common Stock",NASDAQ
GRDN,"Guardian Pharmacy Services, Inc. Class A Common Stock",NYSE
GRDX,GridAI Technologies Corp.  - Common Stock,NASDAQ
GRFS,"Grifols, S.A. - American Depositary Shares",NASDAQ
GRI,"GRI Bio, Inc. - Common Stock",NASDAQ
GRML,Greenland Mines Ltd - Common Stock,NASDAQ
GRMN,Garmin Ltd. Common Stock (Switzerland),NYSE
GRND,Grindr Inc. Common Stock,NYSE
GRNQ,Greenpro Capital Corp. - Common Stock,NASDAQ
GRNT,"Granite Ridge Resources, Inc. Common Stock",NYSE
GRO,Brazil Potash Corp. Common Shares,NYSE American
GROV,"Grove Collaborative Holdings, Inc. Class A Common Stock",NYSE
GROW,"U.S. Global Investors, Inc. - Class A Common Stock",NASDAQ
GROY,Gold Royalty Corp. Common Shares,NYSE American
GRPN,"Groupon, Inc. - Common Stock",NASDAQ
GRRR,Gorilla Technology Group Inc. - Ordinary shares,NASDAQ
GRSD,Grandstand Limited - Ordinary Shares,NASDAQ
GRVY,"GRAVITY Co., Ltd. - American depositary shares, each representing one common share.",NASDAQ
GRWG,GrowGeneration Corp. - Common Stock,NASDAQ
GRX,The Gabelli Healthcare & Wellness Trust Common Shares of Beneficial Interest,NYSE
GS,"Goldman Sachs Group, Inc. (The) Common Stock",NYSE
GSAT,"Globalstar, Inc. - Common Stock",NASDAQ
GSBC,"Great Southern Bancorp, Inc. - Common Stock",NASDAQ
GSBD,"Goldman Sachs BDC, Inc. Common Stock",NYSE
GSHD,"Goosehead Insurance, Inc. - Class A Common Stock",NASDAQ
GSHR,Gesher Acquisition Corp. II - Class A Ordinary Shares,NASDAQ
GSIT,"GSI Technology, Inc. - Common Stock",NASDAQ
GSIW,Garden Stage Limited - Class A Ordinary Shares,NASDAQ
GSK,GSK plc American Depositary Shares (Each representing two Ordinary Shares),NYSE
GSL,Global Ship Lease Inc New Class A Common Shares,NYSE
GSM,Ferroglobe PLC - Ordinary Shares,NASDAQ
GSRF,GSR IV Acquisition Corp. - Class A ordinary share,NASDAQ
GSRV,GSR V Acquisition Corp. - Class A ordinary shares,NASDAQ
GSUN,Golden Sun Technology Group Limited - Class A Ordinary Shares,NASDAQ
GT,The Goodyear Tire & Rubber Company - Common Stock,NASDAQ
GTBP,"GT Biopharma, Inc. - Common Stock",NASDAQ
GTE,Gran Tierra Energy Inc. Common Stock,NYSE American
GTEC,Greenland Technologies Holding Corporation - Class A Ordinary Shares,NASDAQ
GTEN,"Gores Holdings X, Inc. - Class A ordinary shares",NASDAQ
GTERA,Globa Terra Acquisition Corporation - Class A Ordinary Shares,NASDAQ
GTES,Gates Industrial Corporation Ltd. Common Shares,NYSE
GTIM,Good Times Restaurants Inc. - Common Stock,NASDAQ
GTLB,GitLab Inc. - Class A Common Stock,NASDAQ
GTM,ZoomInfo Technologies Inc. - Common Stock,NASDAQ
GTN,"Gray Media, Inc. Common Stock",NYSE
GTN-A,"Gray Media, Inc. Class A Common Stock",NYSE
GTX,Garrett Motion Inc. - Common Stock,NASDAQ
GTY,Getty Realty Corporation Common Stock,NYSE
GUAC,Berto Acquisition Corp. II - Ordinary Shares,NASDAQ
GURE,"Gulf Resources, Inc. - Common Stock",NASDAQ
GUT,Gabelli Utility Trust (The) Common Stock,NYSE
GUTS,"Fractyl Health, Inc. - Common Stock",NASDAQ
GVA,Granite Construction Incorporated Common Stock,NYSE
GVH,Globavend Holdings Limited - Ord Shares,NASDAQ
GWAV,"Greenwave Technology Solutions, Inc. - Common Stock",NASDAQ
GWH,"ESS Tech, Inc. Common Stock",NYSE
GWRE,"Guidewire Software, Inc. Common Stock",NYSE
GWRS,"Global Water Resources, Inc. - common stock",NASDAQ
GWW,"W.W. Grainger, Inc. Common Stock",NYSE
GXAI,Gaxos.ai Inc. - Common Stock,NASDAQ
GXO,"GXO Logistics, Inc. Common Stock",NYSE
GYGY,"Game Your Game, Inc. - Common Stock",NASDAQ
GYRE,"Gyre Therapeutics, Inc. - Common Stock",NASDAQ
GYRO,"Gyrodyne , LLC - Common Stock",NASDAQ
H,Hyatt Hotels Corporation Class A Common Stock,NYSE
HACQ,HCM IV Acquisition Corp. - Class A Ordinary Share,NASDAQ
HAE,Haemonetics Corporation Common Stock,NYSE
HAFC,Hanmi Financial Corporation - Common Stock,NASDAQ
HAFN,Hafnia Limited Common Shares,NYSE
HAIN,"The Hain Celestial Group, Inc. - Common Stock",NASDAQ
HAL,Halliburton Company Common Stock,NYSE
HALO,"Halozyme Therapeutics, Inc. - Common Stock",NASDAQ
HAO,Haoxi Health Technology Limited - Class A Ord Share,NASDAQ
HAPN,"Happen, Inc. - Common Stock",NASDAQ
HAS,"Hasbro, Inc. - Common Stock",NASDAQ
HASI,"HA Sustainable Infrastructure Capital, Inc. Common Stock",NYSE
HAVA,Harvard Ave Acquisition Corporation - Class A Ordinary Share,NASDAQ
HAWK,"HawkEye 360, Inc. Common Stock",NYSE
HAYW,"Hayward Holdings, Inc. Common Stock",NYSE
HBAN,Huntington Bancshares Incorporated - Common Stock,NASDAQ
HBB,Hamilton Beach Brands Holding Company Class A Common Stock,NYSE
HBCP,"Home Bancorp, Inc. - Common Stock",NASDAQ
HBIO,"Harvard Bioscience, Inc. - Common Stock",NASDAQ
HBM,Hudbay Minerals Inc. Ordinary Shares (Canada),NYSE
HBNB,Hotel101 Global Holdings Corp. - Class A Ordinary Shares,NASDAQ
HBNC,"Horizon Bancorp, Inc. - Common Stock",NASDAQ
HBT,"HBT Financial, Inc. - Common Stock",NASDAQ
HCA,"HCA Healthcare, Inc. Common Stock",NYSE
HCAC,Hall Chadwick Acquisition Corp. - Class A Ordinary Shares,NASDAQ
HCAI,"Huachen AI Parking Management Technology Holding Co., Ltd. - Class A Ordinary Shares",NASDAQ
HCAT,"Health Catalyst, Inc - Common stock",NASDAQ
HCC,"Warrior Met Coal, Inc. Common Stock",NYSE
HCHL,Happy City Holdings Limited - Class A Ordinary shares,NASDAQ
HCI,"HCI Group, Inc. Common Stock",NYSE
HCIC,Hennessy Capital Investment Corp. VIII - Class A Ordinary Shares,NASDAQ
HCKT,"The Hackett Group, Inc. - Common Stock",NASDAQ
HCM,HUTCHMED (China) Limited - American Depositary Shares,NASDAQ
HCMA,HCM III Acquisition Corp. - Class A Ordinary Share,NASDAQ
HCSG,"Healthcare Services Group, Inc. - Common Stock",NASDAQ
HCTI,"Healthcare Triangle, Inc. - Common Stock",NASDAQ
HCWB,HCW Biologics Inc. - Common Stock,NASDAQ
HD,"Home Depot, Inc. (The) Common Stock",NYSE
HDB,HDFC Bank Limited Common Stock,NYSE
HDL,SUPER HI INTERNATIONAL HOLDING LTD. - American Depositary Shares,NASDAQ
HDRN,"Hadron Energy, Inc. - Common Stock",NASDAQ
HDSN,"Hudson Technologies, Inc. - Common Stock",NASDAQ
HE,"Hawaiian Electric Industries, Inc. Common Stock",NYSE
HEI,Heico Corporation Common Stock,NYSE
HEI-A,Heico Corporation Common Stock,NYSE
HELE,Helen of Troy Limited - Common Stock,NASDAQ
HELP,Cybin Inc. - Common Stock,NASDAQ
HEPS,D-Market Electronic Services & Trading - American Depositary Shares,NASDAQ
HERE,Here Group Limited - American Depositary Shares,NASDAQ
HESM,Hess Midstream LP Class A Representing Limited Partner Interests,NYSE
HFBL,"Home Federal Bancorp, Inc. of Louisiana - Common Stock",NASDAQ
HFFG,HF Foods Group Inc. - Common Stock,NASDAQ
HFWA,Heritage Financial Corporation - Common Stock,NASDAQ
HG,"Hamilton Insurance Group, Ltd. Class B Common Shares",NYSE
HGBL,Heritage Global Inc. - Common Stock,NASDAQ
HGTY,"Hagerty, Inc. Class A Common Stock",NYSE
HGV,Hilton Grand Vacations Inc. Common Stock,NYSE
HHH,Howard Hughes Holdings Inc. Common Stock,NYSE
HHS,"Harte Hanks, Inc. - Common Stock",NASDAQ
HIFS,Hingham Institution for Savings - Common Stock,NASDAQ
HIG,"The Hartford Insurance Group, Inc. Common Stock",NYSE
HIHO,Highway Holdings Limited - Common Stock,NASDAQ
HII,"Huntington Ingalls Industries, Inc. Common Stock",NYSE
HIMS,"Hims & Hers Health, Inc. Class A Common Stock",NYSE
HIMX,"Himax Technologies, Inc. - American depositary shares, each of which represents two ordinary shares.",NASDAQ
HIND,"Vyome Holdings, Inc. - Common Stock",NASDAQ
HIPO,Hippo Holdings Inc. Common Stock,NYSE
HIT,"Health In Tech, Inc. - Class A Common Stock",NASDAQ
HITI,High Tide Inc. - Common Shares,NASDAQ
HIVE,HIVE Digital Technologies Ltd - Common Shares,NASDAQ
HIW,"Highwoods Properties, Inc. Common Stock",NYSE
HKD,AMTD Digital Inc. American Depositary Shares (every five of which represent two Class A Ordinary Shares),NYSE
HKIT,Hitek Global Inc. - Class A Ordinary Share,NASDAQ
HKPD,"Cellyan Biotechnology Co., Ltd  - Class A Ordinary Shares",NASDAQ
HL,Hecla Mining Company Common Stock,NYSE
HLF,Herbalife Ltd. Common Shares,NYSE
HLI,"Houlihan Lokey, Inc. Class A Common Stock",NYSE
HLIO,"Helios Technologies, Inc. Common Stock",NYSE
HLIT,Harmonic Inc. - Common Stock,NASDAQ
HLLY,Holley Inc. Common Stock,NYSE
HLMN,Hillman Solutions Corp. - Common Stock,NASDAQ
HLN,Haleon plc American Depositary Shares (Each representing two Ordinary Shares),NYSE
HLNE,Hamilton Lane Incorporated - Class A Common Stock,NASDAQ
HLP,Hongli Group Inc. - Class A Ordinary Shares,NASDAQ
HLSQ,Tessera Defense and Homeland Security Inc. Common Stock,NYSE American
HLT,Hilton Worldwide Holdings Inc. Common Stock,NYSE
HLXC,Helix Acquisition Corp. III - Class A Ordinary Shares,NASDAQ
HMC,"Honda Motor Company, Ltd. Common Stock",NYSE
HMH,HMH Holding Inc. - Common Stock,NASDAQ
HMN,Horace Mann Educators Corporation Common Stock,NYSE
HMR,Heidmar Maritime Holdings Corp. - Common Stock,NASDAQ
HMY,Harmony Gold Mining Company Limited,NYSE
HNGE,"Hinge Health, Inc. Class A Common Stock",NYSE
HNI,HNI Corporation Common Stock,NYSE
HNNA,"Hennessy Advisors, Inc. - Common Stock",NASDAQ
HNRG,Hallador Energy Company - Common Stock,NASDAQ
HNST,"The Honest Company, Inc. - Common Stock",NASDAQ
HNVR,"Hanover Bancorp, Inc. - Common Stock",NASDAQ
HODO,House of Doge Inc. - Common Stock,NASDAQ
HOFT,Hooker Furnishings Corporation - Common Stock,NASDAQ
HOG,"Harley-Davidson, Inc. Common Stock",NYSE
HOLO,MicroCloud Hologram Inc. - Ordinary Shares,NASDAQ
HOMB,"Home BancShares, Inc. Common Stock",NYSE
HON,Honeywell International Inc. - Common Stock,NASDAQ
HONA,Honeywell Aerospace Inc. - Common Stock,NASDAQ
HOOD,"Robinhood Markets, Inc. - Class A Common Stock",NASDAQ
HOPE,"Hope Bancorp, Inc. - Common Stock",NASDAQ
HOS,"Hornbeck Offshore Services, Inc. Common Stock",NYSE
HOST,Host Digital Inc. Class A Common Stock,NYSE American
HOUR,"Hour Loop, Inc. - common stock",NASDAQ
HOV,"Hovnanian Enterprises, Inc. Class A Common Stock",NYSE
HOVR,New Horizon Aircraft Ltd. - Class A Ordinary Shares,NASDAQ
HOWL,"Werewolf Therapeutics, Inc. - Common Stock",NASDAQ
HP,"Helmerich & Payne, Inc. Common Stock",NYSE
HPAI,Helport AI Limited - Ordinary Shares,NASDAQ
HPE,Hewlett Packard Enterprise Company Common Stock,NYSE
HPK,"HighPeak Energy, Inc. - Common Stock",NASDAQ
HPP,"Hudson Pacific Properties, Inc. Common Stock",NYSE
HPQ,HP Inc. Common Stock,NYSE
HQ,Horizon Quantum Holdings Ltd. - Class A Ordinary Shares,NASDAQ
HQH,abrdn Healthcare Investors Shares of Beneficial Interest,NYSE
HQI,"HireQuest, Inc. - Common Stock",NASDAQ
HQL,abrdn Life Sciences Investors Shares of Beneficial Interest,NYSE
HQY,"HealthEquity, Inc. - Common Stock",NASDAQ
HR,Healthcare Realty Trust Incorporated Common Stock,NYSE
HRB,"H&R Block, Inc. Common Stock",NYSE
HRI,Herc Holdings Inc. Common Stock,NYSE
HRL,Hormel Foods Corporation Common Stock,NYSE
HRMY,"Harmony Biosciences Holdings, Inc. - Common Stock",NASDAQ
HROW,"Harrow, Inc. - Common Stock",NASDAQ
HRTG,"Heritage Insurance Holdings, Inc. Common Stock",NYSE
HRTX,"Heron Therapeutics, Inc.   - Common Stock",NASDAQ
HRZN,Horizon Technology Finance Corporation - Common Stock,NASDAQ
HSAI,Hesai Group - American Depositary Share,NASDAQ
HSBC,"HSBC Holdings, plc. Common Stock",NYSE
HSCS,HeartSciences Inc. - Common Stock,NASDAQ
HSDT,Solana Company - Class A Common Stock,NASDAQ
HSHP,Himalaya Shipping Ltd. Common Shares,NYSE
HSIC,"Henry Schein, Inc. - Common Stock",NASDAQ
HSLV,Highlander Silver Corp. Common Shares,NYSE American
HST,"Host Hotels & Resorts, Inc. - Common Stock",NASDAQ
HSTM,"HealthStream, Inc. - Common Stock",NASDAQ
HSY,The Hershey Company Common Stock,NYSE
HTB,"HomeTrust Bancshares, Inc. Common Stock",NYSE
HTCO,High-Trend International Group - Class A Ordinary Shares,NASDAQ
HTCR,"Heartcore Enterprises, Inc. - Common Stock",NASDAQ
HTFL,"Heartflow, Inc. - Common Stock",NASDAQ
HTGC,"Hercules Capital, Inc. Common Stock",NYSE
HTH,Hilltop Holdings Inc.,NYSE
HTHT,H World Group Limited - American Depositary Shares,NASDAQ
HTLD,"Heartland Express, Inc. - Common Stock",NASDAQ
HTLM,HomesToLife Ltd - Ordinary Shares,NASDAQ
HTO,H2O America  - Common Stock,NASDAQ
HTOO,Fusion Fuel Green PLC - Ordinary Shares,NASDAQ
HTT,"High Templar Tech Limited American depositary shares, each representing one Class A ordinary share",NYSE
HTZ,"Hertz Global Holdings, Inc - Common Stock",NASDAQ
HUBB,Hubbell Inc Common Stock,NYSE
HUBC,Hub Cyber Security Ltd. - Ordinary Shares,NASDAQ
HUBG,"Hub Group, Inc. - Class A Common Stock",NASDAQ
HUBS,"HubSpot, Inc. Common Stock",NYSE
HUCK,"Huckleberry.ai, Inc. - Class B Common Stock",NASDAQ
HUDI,"Huadi International Group Co., Ltd. - Ordinary Shares",NASDAQ
HUHU,HUHUTECH International Group Inc. - Ordinary Shares,NASDAQ
HUIZ,Huize Holding Limited - American Depositary Shares,NASDAQ
HUM,Humana Inc. Common Stock,NYSE
HUMA,"Humacyte, Inc. - Common Stock",NASDAQ
HUN,Huntsman Corporation Common Stock,NYSE
HURA,"TuHURA Biosciences, Inc. - Common Stock",NASDAQ
HURC,"Hurco Companies, Inc. - Common Stock",NASDAQ
HURN,Huron Consulting Group Inc. - Common Stock,NASDAQ
HUT,Hut 8 Corp. - Common Stock,NASDAQ
HUYA,"HUYA Inc. American depositary shares, each  representing one Class A ordinary share",NYSE
HVMC,Highview Merger Corp. - Class A Ordinary Share,NASDAQ
HVT,"Haverty Furniture Companies, Inc. Common Stock",NYSE
HVT-A,"Haverty Furniture Companies, Inc. Common Stock",NYSE
HWBK,"Hawthorn Bancshares, Inc. - Common Stock",NASDAQ
HWC,Hancock Whitney Corporation - Common Stock,NASDAQ
HWKN,"Hawkins, Inc. - Common Stock",NASDAQ
HWM,Howmet Aerospace Inc. Common Stock,NYSE
HXHX,Haoxin Holdings Limited - Class A Ordinary Shares,NASDAQ
HXL,Hexcel Corporation Common Stock,NYSE
HY,"Hyster-Yale, Inc. Class A common stock",NYSE
HYFM,"Hydrofarm Holdings Group, Inc. - Common Stock",NASDAQ
HYFT,MindWalk Holdings Corp. - Common Stock,NASDAQ
HYLN,Hyliion Holdings Corp. Class A Common Stock,NYSE American
HYMC,Hycroft Mining Holding Corporation - Class A Common Stock,NASDAQ
HYNE,"Hoyne Bancorp, Inc. - Common Stock",NASDAQ
HYPD,"Hyperion DeFi, Inc. - Common Stock",NASDAQ
HYPR,"Hyperfine, Inc.  - Class A Common Stock",NASDAQ
HZO,"MarineMax, Inc.  (FL) Common Stock",NYSE
IA,"Innovative Solutions and Support, Inc. - Common Stock",NASDAQ
IACO,Idea Acquisition Corp. - Class A Ordinary Shares,NASDAQ
IACQ,Irenic Acquisition Corp. - Class A Ordinary Shares,NASDAQ
IAG,Iamgold Corporation Ordinary Shares,NYSE
IART,Integra LifeSciences Holdings Corporation - Common Stock,NASDAQ
IAUX,i-80 Gold Corp. Common Shares,NYSE American
IBAC,IB Acquisition Corp. - Common Stock,NASDAQ
IBCP,Independent Bank Corporation - Common Stock,NASDAQ
IBEX,IBEX Limited - Common Share,NASDAQ
IBG,Innovation Beverage Group Limited - Ordinary Shares,NASDAQ
IBIO,"iBio, Inc. - Common Stock",NASDAQ
IBKR,"Interactive Brokers Group, Inc. - Class A Common Stock",NASDAQ
IBM,International Business Machines Corporation Common Stock,NYSE
IBN,ICICI Bank Limited Common Stock,NYSE
IBO,"Impact BioMedical, Inc. Common Stock",NYSE American
IBOC,International Bancshares Corporation - Common Stock,NASDAQ
IBP,"Installed Building Products, Inc. Common Stock",NYSE
IBRX,"ImmunityBio, Inc. - Common Stock",NASDAQ
IBTA,"Ibotta, Inc. Class A Common Stock",NYSE
ICCC,ImmuCell Corporation - Common Stock,NASDAQ
ICCM,IceCure Medical Ltd. - Ordinary Shares,NASDAQ
ICE,Intercontinental Exchange Inc. Common Stock,NYSE
ICFI,"ICF International, Inc. - Common Stock",NASDAQ
ICG,Intchains Group Limited - American Depositary Shares,NASDAQ
ICHR,Ichor Holdings - Ordinary Shares,NASDAQ
ICL,ICL Group Ltd. Ordinary Shares,NYSE
ICLR,ICON plc - Ordinary Shares,NASDAQ
ICMB,"Investcorp Credit Management BDC, Inc. - Common Stock",NASDAQ
ICON,Icon Energy Corp. - Common stock,NASDAQ
ICU,SeaStar Medical Holding Corporation - Common Stock,NASDAQ
ICUI,"ICU Medical, Inc. - Common Stock",NASDAQ
IDA,"IDACORP, Inc. Common Stock",NYSE
IDAC,Iron Dome Acquisition I Corp. - Class A Ordinary Shares,NASDAQ
IDAI,T Stamp Inc. - Class A Common Stock,NASDAQ
IDCC,"InterDigital, Inc. - Common Stock",NASDAQ
IDN,"Intellicheck, Inc. - Common Stock",NASDAQ
IDR,"Idaho Strategic Resources, Inc. Common Stock",NYSE American
IDT,IDT Corporation Class B Common Stock,NYSE
IDXX,"IDEXX Laboratories, Inc. - Common Stock",NASDAQ
IDYA,"IDEAYA Biosciences, Inc. - Common Stock",NASDAQ
IE,Ivanhoe Electric Inc. Common Stock,NYSE American
IEAG,Infinite Eagle Acquisition Corp. - Class A Ordinary Shares,NASDAQ
IESC,"IES Holdings, Inc. - Common Stock",NASDAQ
IEX,IDEX Corporation Common Stock,NYSE
IFBD,"Infobird Co., Ltd - Ordinary Shares",NASDAQ
IFF,"International Flavors & Fragrances, Inc. Common Stock",NYSE
IFRX,InflaRx N.V. - Common Stock,NASDAQ
IFS,Intercorp Financial Services Inc. Common Shares,NYSE
IGAC,Invest Green Acquisition Corporation - Class A Ordinary Shares,NASDAQ
IGC,"IGC Pharma, Inc. Common Stock",NYSE American
IGIC,International General Insurance Holdings Ltd. - Ordinary Shares,NASDAQ
IH,"iHuman Inc. American depositary shares, each representing five Class A ordinary shares",NYSE
IHG,Intercontinental Hotels Group American Depositary Shares (Each representing one Ordinary Share),NYSE
IHRT,"iHeartMedia, Inc. - Class A Common Stock",NASDAQ
IHS,IHS Holding Limited Ordinary Shares,NYSE
IHT,InnSuites Hospitality Trust Shares of Beneficial Interest,NYSE American
III,"Information Services Group, Inc. - Common Stock",NASDAQ
IIIN,"Insteel Industries, Inc. Common Stock",NYSE
IIIV,"i3 Verticals, Inc. - Common Stock",NASDAQ
IIPR,"Innovative Industrial Properties, Inc. Common Stock",NYSE
IKT,"Inhibikase Therapeutics, Inc. - Common Stock",NASDAQ
ILAG,Intelligent Living Application Group Inc. - Ordinary Shares,NASDAQ
ILLR,Triller Group Inc. - Common Stock,NASDAQ
ILLU,Illumination Acquisition Corp I - Class A Ordinary Shares,NASDAQ
ILMN,"Illumina, Inc. - Common Stock",NASDAQ
ILPT,Industrial Logistics Properties Trust - Common Shares of Beneficial Interest,NASDAQ
IMA,"ImageneBio, Inc. - Common Stock",NASDAQ
IMAX,Imax Corporation Common Stock,NYSE
IMC,IMC Rare Earths Ltd Ordinary Shares,NYSE American
IMCC,IM Cannabis Corp. - Common Shares,NASDAQ
IMCR,Immunocore Holdings plc - American Depositary Shares,NASDAQ
IMDX,Insight Molecular Diagnostics Inc. - Common Stock,NASDAQ
IMKTA,"Ingles Markets, Incorporated - Class A Common Stock",NASDAQ
IMMP,Immutep Limited - American Depositary Shares,NASDAQ
IMMR,Immersion Corporation - Common Stock,NASDAQ
IMMX,"Immix Biopharma, Inc. - Common Stock",NASDAQ
IMNM,"Immunome, Inc. - Common Stock",NASDAQ
IMNN,"Imunon, Inc. - Common Stock",NASDAQ
IMO,Imperial Oil Limited Common Stock,NYSE American
IMOS,ChipMOS TECHNOLOGIES INC. - American Depositary Shares,NASDAQ
IMPP,Imperial Petroleum Inc. - Common Shares,NASDAQ
IMRN,Immuron Limited - American Depositary Shares,NASDAQ
IMRX,Immuneering Corporation - Class A Common Stock,NASDAQ
IMSR,Terrestrial Energy Inc. - Common Stock,NASDAQ
IMTE,Integrated Media Technology Limited - Ordinary Shares,NASDAQ
IMTX,Immatics N.V. - Ordinary Shares,NASDAQ
IMUX,"Immunic, Inc.  - Common Stock",NASDAQ
IMVT,"Immunovant, Inc.  - Common Stock",NASDAQ
IMXI,"International Money Express, Inc. - Common Stock",NASDAQ
INAB,"IN8bio, Inc. - Common Stock",NASDAQ
INAC,Indigo Acquisition Corp. - Ordinary Shares,NASDAQ
INBK,First Internet Bancorp - Common Stock,NASDAQ
INBS,Intelligent Bio Solutions Inc.  - Common Stock,NASDAQ
INBX,"Inhibrx Biosciences, Inc. - Common Stock",NASDAQ
INCR,Intercure Ltd. - ordinary shares,NASDAQ
INCY,Incyte Corporation - Common Stock,NASDAQ
INDB,Independent Bank Corp. - Common Stock,NASDAQ
INDI,"indie Semiconductor, Inc. - Class A Common Stock",NASDAQ
INDO,Indonesia Energy Corporation Limited Ordinary Shares,NYSE American
INDP,"Indaptus Therapeutics, Inc. - Common Stock",NASDAQ
INDV,"Indivior Pharmaceuticals, Inc.  - Common Stock",NASDAQ
INEO,INNEOVA Holdings Limited - Class A Ordinary Shares,NASDAQ
INFQ,"Infleqtion, Inc. Common Stock",NYSE
INFU,"InfuSystems Holdings, Inc. Common Stock",NYSE American
INFY,Infosys Limited American Depositary Shares,NYSE
ING,"ING Group, N.V. Common Stock",NYSE
INGM,Ingram Micro Holding Corporation Common Stock,NYSE
INGN,"Inogen, Inc - Common Stock",NASDAQ
INGR,Ingredion Incorporated Common Stock,NYSE
INHD,Inno Holdings Inc. - Common Stock,NASDAQ
INIO,INNIO N.V. - Ordinary Shares,NASDAQ
INKT,"MiNK Therapeutics, Inc. - Common Stock",NASDAQ
INLF,INLIF LIMITED - Class A Ordinary shares,NASDAQ
INLX,"Intellinetics, Inc. Common Stock",NYSE American
INM,InMed Pharmaceuticals Inc. - Common Shares,NASDAQ
INMB,INmune Bio Inc. - Common stock,NASDAQ
INMD,InMode Ltd.  - Ordinary Shares,NASDAQ
INN,"Summit Hotel Properties, Inc. Common Stock",NYSE
INNV,InnovAge Holding Corp. - Common Stock,NASDAQ
INO,"Inovio Pharmaceuticals, Inc. - Common Stock",NASDAQ
INOD,Innodata Inc. - Common Stock,NASDAQ
INR,"Infinity Natural Resources, Inc. Class A Common Stock",NYSE
INSE,"Inspired Entertainment, Inc. - Common Stock",NASDAQ
INSG,Inseego Corp. - Common Stock,NASDAQ
INSM,Insmed Incorporated - Common Stock,NASDAQ
INSP,"Inspire Medical Systems, Inc. Common Stock",NYSE
INSW,"International Seaways, Inc. Common Stock",NYSE
INTA,"Intapp, Inc. - Common Stock",NASDAQ
INTC,Intel Corporation - Common Stock,NASDAQ
INTG,The Intergroup Corporation - Common Stock,NASDAQ
INTJ,Intelligent Group Limited - Class A Ordinary Shares,NASDAQ
INTR,Inter & Co. Inc. - Class A Common Shares,NASDAQ
INTS,"Intensity Therapeutics, Inc. - Common Stock",NASDAQ
INTT,inTest Corporation Common Stock,NYSE American
INTU,Intuit Inc. - Common Stock,NASDAQ
INTZ,Intrusion Inc. - Common Stock,NASDAQ
INUV,"Inuvo, Inc.",NYSE American
INV,"Innventure, Inc. - Common Stock",NASDAQ
INVA,"Innoviva, Inc. - Common Stock",NASDAQ
INVE,"INVE Technologies, Inc. - Common Stock",NASDAQ
INVH,Invitation Homes Inc. Common Stock,NYSE
INVX,"Innovex International, Inc. Common Stock",NYSE
INVZ,Innoviz Technologies Ltd. - Ordinary shares,NASDAQ
IOND,Ionic Digital Inc. - Class A Common Stock,NASDAQ
IONQ,"IonQ, Inc. Common Stock",NYSE
IONR,ioneer Ltd - American Depositary Shares,NASDAQ
IONS,"Ionis Pharmaceuticals, Inc. - Common Stock",NASDAQ
IOR,"Income Opportunity Realty Investors, Inc. Common Stock",NYSE American
IOSP,Innospec Inc. - Common Stock,NASDAQ
IOT,Samsara Inc. Class A Common Stock,NYSE
IOTR,iOThree Limited - Ordinary Shares,NASDAQ
IOVA,"Iovance Biotherapeutics, Inc. - Common Stock",NASDAQ
IP,International Paper Company Common Stock,NYSE
IPAR,"Interparfums, Inc. - Common Stock",NASDAQ
IPDN,"Professional Diversity Network, Inc. - Common Stock",NASDAQ
IPEX,Inflection Point Acquisition Corp. - Class A Ordinary Shares,NASDAQ
IPFX,Inflection Point Acquisition Corp. VI - Class A Ordinary Shares,NASDAQ
IPGP,IPG Photonics Corporation - Common Stock,NASDAQ
IPHA,Innate Pharma S.A. - American Depositary Shares,NASDAQ
IPI,"Intrepid Potash, Inc Common Stock",NYSE
IPM,Intelligent Protection Management Corp.  - Common Stock,NASDAQ
IPSC,"Century Therapeutics, Inc. - Common Stock",NASDAQ
IPST,"IP Strategy Holdings, Inc. - Common Stock",NASDAQ
IPVV,"InterPrivate Investment Partners V, Inc. - Class A Ordinary Shares",NASDAQ
IPW,iPower Inc. - Common Stock,NASDAQ
IPWR,Ideal Power Inc. - Common Stock,NASDAQ
IPX,IperionX Limited - American Depositary Share,NASDAQ
IPXG,Inection Point Acquisition Corp. VII  - Class A Ordinary Shares,NASDAQ
IQ,"iQIYI, Inc. - American Depositary Shares",NASDAQ
IQMX,IQM Quantum Computers Oyj - American Depositary Shares,NASDAQ
IQST,iQSTEL Inc. - Common Stock,NASDAQ
IQV,"IQVIA Holdings, Inc. Common Stock",NYSE
IR,Ingersoll Rand Inc. Common Stock,NYSE
IRAB,Iris Acquisition Corp II Class A Ordinary Shares,NYSE
IRD,"Opus Genetics, Inc. - Common Stock",NASDAQ
IRDM,Iridium Communications Inc - Common Stock,NASDAQ
IREN,IREN Limited - Ordinary Shares,NASDAQ
IRHO,Iron Horse Acquisitions II Corp. - Common Stock,NASDAQ
IRIX,IRIDEX Corporation - Common Stock,NASDAQ
IRM,Iron Mountain Incorporated (Delaware)Common Stock REIT,NYSE
IRMD,iRadimed Corporation - Common Stock,NASDAQ
IRON,"Disc Medicine, Inc. - Common Stock",NASDAQ
IRS,IRSA Inversiones Y Representaciones S.A. Global Depositary Shares (Each representing ten shares of Common Stock),NYSE
IRT,"Independence Realty Trust, Inc. Common Stock",NYSE
IRTC,"iRhythm Holdings, Inc.  - Common Stock",NASDAQ
IRWD,"Ironwood Pharmaceuticals, Inc. - Class A Common Stock",NASDAQ
ISBA,Isabella Bank Corporation - Common stock,NASDAQ
ISNR,Snow Rothschild Acquisition Corp. - Class A Ordinary Shares,NASDAQ
ISOU,IsoEnergy Ltd. Common Shares,NYSE American
ISPC,iSpecimen Inc. - Common Stock,NASDAQ
ISPR,Ispire Technology Inc. - Common Stock,NASDAQ
ISRG,"Intuitive Surgical, Inc. - Common Stock",NASDAQ
ISTR,Investar Holding Corporation - Common Stock,NASDAQ
IT,"Gartner, Inc. Common Stock",NYSE
ITG,"ITG, Inc. - Class A Common Stock",NASDAQ
ITGR,Integer Holdings Corporation Common Stock,NYSE
ITHA,ITHAX Acquisition Corp III - Class A Ordinary Shares,NASDAQ
ITIC,Investors Title Company - Common Stock,NASDAQ
ITOC,iTonic Holdings Ltd - Class A Ordinary Shares,NASDAQ
ITP,"IT Tech Packaging, Inc. Common Stock",NYSE American
ITRG,Integra Resources Corp. Common Shares,NYSE American
ITRI,"Itron, Inc. - Common Stock",NASDAQ
ITRN,Ituran Location and Control Ltd. - Ordinary Shares,NASDAQ
ITT,ITT Inc. Common Stock,NYSE
ITW,Illinois Tool Works Inc. Common Stock,NYSE
IVA,Inventiva S.A. - American Depository Shares,NASDAQ
IVDA,"Iveda Solutions, Inc. - Common Stock",NASDAQ
IVF,"INVO Fertility, Inc. - Common Stock",NASDAQ
IVR,INVESCO MORTGAGE CAPITAL INC Common Stock,NYSE
IVT,InvenTrust Properties Corp. Common Stock,NYSE
IVVD,"Invivyd, Inc. - Common Stock",NASDAQ
IVZ,Invesco Ltd Common Stock,NYSE
IX,ORIX Corporation American Depositary Shares,NYSE
IXHL,Incannex Healthcare Inc. - Common Stock,NASDAQ
IZEA,"IZEA Worldwide, Inc. - Common Stock",NASDAQ
IZM,ICZOOM Group Inc. - Class A Ordinary Shares,NASDAQ
J,Jacobs Solutions Inc. Common Stock,NYSE
JACK,Jack In The Box Inc. - Common Stock,NASDAQ
JACS,Jackson Acquisition Company II Class A Ordinary Shares,NYSE
JAGU,Jaguar Uranium Corp. Class A Common Shares,NYSE American
JAGX,"Jaguar Health, Inc. - Common Stock",NASDAQ
JAKK,"JAKKS Pacific, Inc. - Common Stock",NASDAQ
JAN,"Janus Living, Inc. Class A-1 Common Stock",NYSE
JANX,"Janux Therapeutics, Inc. - Common Stock",NASDAQ
JATT,JATT II Acquisition Corp - Ordinary Shares,NASDAQ
JAZZ,Jazz Pharmaceuticals plc - Ordinary Shares,NASDAQ
JBDI,JBDI Holdings Limited - Ordinary Shares,NASDAQ
JBGS,JBG SMITH Properties Common Shares,NYSE
JBHT,"J.B. Hunt Transport Services, Inc. - Common Stock",NASDAQ
JBI,"Janus International Group, Inc. Common Stock",NYSE
JBIO,"Jade Biosciences, Inc. - Common Stock",NASDAQ
JBK,Lehman ABS 3.50 3.50% Adjustable Corp Backed Tr Certs GS Cap I,NYSE
JBL,Jabil Inc. Common Stock,NYSE
JBLU,JetBlue Airways Corporation - Common Stock,NASDAQ
JBS,JBS N.V. Class A Common Shares,NYSE
JBSS,"John B. Sanfilippo & Son, Inc. - Common Stock",NASDAQ
JBTM,JBT Marel Corporation Common Stock,NYSE
JCAP,"Jefferson Capital, Inc. - Common Stock",NASDAQ
JCI,Johnson Controls International plc Ordinary Share,NYSE
JCSE,JE Cleantech Holdings Limited - Ordinary Shares,NASDAQ
JCTC,Jewett-Cameron Trading Company - Common Shares,NASDAQ
JD,"JD.com, Inc. - American Depositary Shares",NASDAQ
JDZG,JIADE LIMITED - Class A Ordinary Shares,NASDAQ
JEF,Jefferies Financial Group Inc. Common Stock,NYSE
JELD,"JELD-WEN Holding, Inc. Common Stock",NYSE
JEM,707 Cayman Holdings Limited - Ordinary Shares,NASDAQ
JENA,Jena Acquisition Corporation II Class A Ordinary Shares,NYSE
JF,J and Friends Holdings Limited - American Depositary Shares,NASDAQ
JFIN,Jiayin Group Inc. - American Depositary Shares,NASDAQ
JFU,9F Inc. - American Depositary Shares,NASDAQ
JG,Aurora Mobile Limited - American Depositary Shares,NASDAQ
JHI,John Hancock Investors Trust Common Stock,NYSE
JHS,John Hancock Income Securities Trust Common Stock,NYSE
JHX,James Hardie Industries plc. Ordinary Shares,NYSE
JILL,"J. Jill, Inc. Common Stock",NYSE
JJSF,J & J Snack Foods Corp. - Common Stock,NASDAQ
JKHY,"Jack Henry & Associates, Inc. - Common Stock",NASDAQ
JKS,JinkoSolar Holding Company Limited American Depositary Shares (each representing 4 Common Shares),NYSE
JL,J-Long Group Limited - Class A Ordinary Shares,NASDAQ
JLHL,Julong Holding Limited - Class A Ordinary Shares,NASDAQ
JLL,Jones Lang LaSalle Incorporated Common Stock,NYSE
JMIA,"Jumia Technologies AG American Depositary Shares, each representing two Ordinary Shares",NYSE
JMKE,Jersey Mike's Subs Inc. Class A Common Stock,NYSE
JMSB,"John Marshall Bancorp, Inc. - Common Stock",NASDAQ
JNJ,Johnson & Johnson Common Stock,NYSE
JOB,GEE Group Inc. Common Stock,NYSE American
JOBY,"Joby Aviation, Inc. Common Stock",NYSE
JOE,St. Joe Company (The) Common Stock,NYSE
JONE,Jones Ventures INTL Acquisition1 Corp - Class A Ordinary Shares,NASDAQ
JOUT,Johnson Outdoors Inc. - Class A Common Stock,NASDAQ
JOYY,JOYY Inc. - American Depositary Shares,NASDAQ
JPM,JP Morgan Chase & Co. Common Stock,NYSE
JRSH,"Jerash Holdings (US), Inc. - Common Stock",NASDAQ
JRVR,"James River Group Holdings, Inc. - Common Stock",NASDAQ
JSPR,"Jasper Therapeutics, Inc. - Class A Common Stock",NASDAQ
JTAI,Jet.AI Inc. - Common Stock,NASDAQ
JTTT,JATT III Acquisition Corp - Ordinary Shares,NASDAQ
JUNS,"Jupiter Neurosciences, Inc. - Common Stock",NASDAQ
JVA,"Coffee Holding Co., Inc. - Common Stock",NASDAQ
JWEL,Jowell Global Ltd. - Ordinary Shares,NASDAQ
JXG,JX Luxventure Group Inc. - Common Stock,NASDAQ
JXN,Jackson Financial Inc. Class A Common Stock,NYSE
JYD,Jayud Global Logistics Limited - Class A Ordinary Shares,NASDAQ
JYNT,The Joint Corp. - Common Stock,NASDAQ
JZ,Jianzhi Education Technology Group Company Limited - American Depositary Shares,NASDAQ
JZXN,"Jiuzi Holdings, Inc. - Ordinary Shares",NASDAQ
KAI,Kadant Inc Common Stock,NYSE
KALA,"KALA BIO, Inc. - Common Stock",NASDAQ
KALU,Kaiser Aluminum Corporation - Common Stock,NASDAQ
KAPA,"Kairos Pharma, Ltd. Common Stock",NYSE American
KARD,"Kardigan, Inc. - Common Stock",NASDAQ
KARO,Karooooo Ltd. - Ordinary shares,NASDAQ
KAZR,Skyline Builders Group Holding Limited - Class A Ordinary Shares,NASDAQ
KB,KB Financial Group Inc,NYSE
KBDC,"Kayne Anderson BDC, Inc. Common Stock",NYSE
KBH,KB Home Common Stock,NYSE
KBON,Karbon Capital Partners Corp. - Class A Ordinary Shares,NASDAQ
KBR,"KBR, Inc. Common Stock",NYSE
KBSX,FST Corp. - Ordinary Shares,NASDAQ
KC,Kingsoft Cloud Holdings Limited - American Depositary Shares,NASDAQ
KCHV,Kochav Defense Acquisition Corp. - Class A Ordinary Shares,NASDAQ
KD,"Kyndryl Holdings, Inc. Common Stock",NYSE
KDK,"Kodiak AI, Inc. - Common Stock",NASDAQ
KDP,Keurig Dr Pepper Inc. - Common Stock,NASDAQ
KE,"Kimball Electronics, Inc. - Common Stock",NASDAQ
KEEL,Keel Infrastructure Corp. - Common Stock,NASDAQ
KELYA,"Kelly Services, Inc. - Class A Common Stock",NASDAQ
KELYB,"Kelly Services, Inc. - Class B Common Stock",NASDAQ
KEN,Kenon Holdings Ltd. Ordinary Shares,NYSE
KEP,Korea Electric Power Corporation Common Stock,NYSE
KEQU,Kewaunee Scientific Corporation - Common Stock,NASDAQ
KEX,Kirby Corporation Common Stock,NYSE
KEY,KeyCorp Common Stock,NYSE
KEYS,Keysight Technologies Inc. Common Stock,NYSE
KEYY,Keystone Acquisition Corp. - Class A Ordinary Shares,NASDAQ
KFFB,Kentucky First Federal Bancorp - Common Stock,NASDAQ
KFII,K&F Growth Acquisition Corp. II - Class A Ordinary shares,NASDAQ
KFRC,"Kforce, Inc. Common Stock",NYSE
KFY,Korn Ferry Common Stock,NYSE
KG,"Kestrel Group, Ltd. - Common Stock",NASDAQ
KGC,Kinross Gold Corporation Common Stock,NYSE
KGEI,Kolibri Global Energy Inc. - Common stock,NASDAQ
KGS,"Kodiak Gas Services, Inc. Common Stock",NYSE
KHC,The Kraft Heinz Company Common Stock,NYSE
KIDS,OrthoPediatrics Corp. - Common Stock,NASDAQ
KIDZ,KIDZ AI Inc. - Class B Common Stock,NASDAQ
KIM,Kimco Realty Corporation (HC) Common Stock,NYSE
KINS,"Kingstone Companies, Inc - Common Stock",NASDAQ
KITT,"Nauticus Robotics, Inc. - Common stock",NASDAQ
KKR,KKR & Co. Inc. Common Stock,NYSE
KLAC,KLA Corporation  - Common Stock,NASDAQ
KLAR,Klarna Group plc Ordinary Shares,NYSE
KLC,"KinderCare Learning Companies, Inc. Common Stock",NYSE
KLIC,"Kulicke and Soffa Industries, Inc. - Common Stock",NASDAQ
KLRA,"Kailera Therapeutics, Inc. - Common stock",NASDAQ
KLRS,"Kalaris Therapeutics, Inc.  - Common Stock",NASDAQ
KLTR,"Kaltura, Inc. - Common Stock",NASDAQ
KLXE,"KLX Energy Services Holdings, Inc.  - Common Stock",NASDAQ
KMB,Kimberly-Clark Corporation - Common Stock,NASDAQ
KMDA,Kamada Ltd. - Ordinary Shares,NASDAQ
KMI,"Kinder Morgan, Inc. Common Stock",NYSE
KMPR,Kemper Corporation,NYSE
KMRK,K-Tech Solutions Company Limited - Class A Ordinary Shares,NASDAQ
KMT,Kennametal Inc. Common Stock,NYSE
KMTS,"Kestra Medical Technologies, Ltd. - Common Stock",NASDAQ
KMX,CarMax Inc,NYSE
KN,Knowles Corporation Common Stock,NYSE
KNDI,"Kandi Technologies Group, Inc. - Ordinary Shares",NASDAQ
KNF,Knife Riv Holding Co. Common Stock,NYSE
KNRX,KNOREX LTD. Class A Ordinary Shares,NYSE American
KNSA,"Kiniksa Pharmaceuticals International, plc - Class A Ordinary Shares",NASDAQ
KNSL,"Kinsale Capital Group, Inc. Common Stock",NYSE
KNTK,Kinetik Holdings Inc. Class A Common Stock,NYSE
KNX,Knight-Swift Transportation Holdings Inc.,NYSE
KO,Coca-Cola Company (The) Common Stock,NYSE
KOD,Kodiak Sciences Inc - Common Stock,NASDAQ
KODK,Eastman Kodak Company Common New,NYSE
KOP,Koppers Holdings Inc. Common Stock,NYSE
KOPN,Kopin Corporation - Common Stock,NASDAQ
KOS,Kosmos Energy Ltd. Common Shares (DE),NYSE
KOSS,Koss Corporation - Common Stock,NASDAQ
KOYN,CSLM Digital Asset Acquisition Corp III - Class A Ordinary Shares,NASDAQ
KPET,KPET Ultra Paceline Corporation Class A Ordinary Shares,NYSE
KPLT,"Katapult Holdings, Inc. - Common Stock",NASDAQ
KPRX,"Kiora Pharmaceuticals, Inc.  - Common Stock",NASDAQ
KPTI,Karyopharm Therapeutics Inc. - Common Stock,NASDAQ
KR,Kroger Company (The) Common Stock,NYSE
KRAQ,KRAKacquisition Corp - Class A Ordinary Shares,NASDAQ
KRC,Kilroy Realty Corporation Common Stock,NYSE
KREF,KKR Real Estate Finance Trust Inc. Common Stock,NYSE
KRG,Kite Realty Group Trust Common Stock,NYSE
KRKR,36Kr Holdings Inc. - American Depositary Shares,NASDAQ
KRMD,"KORU Medical Systems, Inc. - Common Stock",NASDAQ
KRMN,Karman Holdings Inc. Common Stock,NYSE
KRNT,Kornit Digital Ltd. - Ordinary Shares,NASDAQ
KRNY,Kearny Financial - Common Stock,NASDAQ
KRO,Kronos Worldwide Inc Common Stock,NYSE
KROS,"Keros Therapeutics, Inc. - common stock",NASDAQ
KRRO,"Korro Bio, Inc. - Common Stock",NASDAQ
KRSA,"Korsana Biosciences, Inc. - Common Stock",NASDAQ
KRSP,Rice Acquisition Corporation 3 Class A Ordinary Shares,NYSE
KRT,Karat Packaging Inc. - Common Stock,NASDAQ
KRUS,"Kura Sushi USA, Inc. - Class A Common Stock",NASDAQ
KRYS,"Krystal Biotech, Inc. - Common Stock",NASDAQ
KSCP,"Knightscope, Inc. - Class A Common Stock",NASDAQ
KSPI,Joint Stock Company Kaspi.kz - American Depository Shares,NASDAQ
KSS,Kohl's Corporation Common Stock,NYSE
KT,KT Corporation Common Stock,NYSE
KTB,"Kontoor Brands, Inc. Common Stock",NYSE
KTCC,Key Tronic Corporation - Common Stock,NASDAQ
KTN,Structured Products Corp 8.205% CorTS 8.205% Corporate Backed Trust Securities (CorTS),NYSE
KTOS,"Kratos Defense & Security Solutions, Inc. - Common Stock",NASDAQ
KTTA,Pasithea Therapeutics Corp. - Common Stock,NASDAQ
KTWO,K2 Capital Acquisition Corporation - Class A Ordinary Share,NASDAQ
KULR,"KULR Technology Group, Inc. Common Stock",NYSE American
KURA,"Kura Oncology, Inc. - Common Stock",NASDAQ
KUST,"Kustom Entertainment, Inc. - Common Stock",NASDAQ
KVHI,"KVH Industries, Inc. - Common Stock",NASDAQ
KVUE,Kenvue Inc. Common Stock,NYSE
KVYO,"Klaviyo, Inc. Series A Common Stock",NYSE
KWR,Quaker Houghton Common Stock,NYSE
KWY,Kingsway Corporation Common Stock,NYSE
KXIN,Kaixin Holdings - Ordinary Shares,NASDAQ
KYIV,Kyivstar Group Ltd. - Common Shares,NASDAQ
KYMR,"Kymera Therapeutics, Inc. - Common Stock",NASDAQ
KYNB,"Kyntra Bio, Inc. - Common Stock",NASDAQ
KYTX,"Kyverna Therapeutics, Inc. - Common Stock",NASDAQ
KZIA,Kazia Therapeutics Limited - American Depositary Shares,NASDAQ
L,Loews Corporation Common Stock,NYSE
LAB,Standard BioTools Inc. - Common Stock,NASDAQ
LABT,Lakewood-Amedex Biotherapeutics Inc. - Common Stock,NASDAQ
LAC,Lithium Americas Corp. Common Shares,NYSE
LAD,"Lithia Motors, Inc. Common Stock",NYSE
LADR,Ladder Capital Corp Class A Common Stock,NYSE
LAES,SEALSQ Corp - Ordinary Shares,NASDAQ
LAFA,LaFayette Acquisition Corp. - Ordinary Share,NASDAQ
LAKE,"Lakeland Industries, Inc. - Common Stock",NASDAQ
LAMR,Lamar Advertising Company - Class A Common Stock,NASDAQ
LAND,Gladstone Land Corporation - Common Stock,NASDAQ
LANV,Lanvin Group Holdings Limited Ordinary Shares,NYSE
LAR,Lithium Argentina AG Common Shares,NYSE
LARK,Landmark Bancorp Inc. - Common Stock,NASDAQ
LASE,Laser Photonics Corporation - Common Stock,NASDAQ
LASR,"nLIGHT, Inc. - Common Stock",NASDAQ
LATA,Galata Acquisition Corp. II - Class A Ordinary Shares,NASDAQ
LAUR,"Laureate Education, Inc. - Common Stock",NASDAQ
LAW,"CS Disco, Inc. Common Stock",NYSE
LAWR,"Robot Consulting Co., Ltd. - ADS",NASDAQ
LAZ,"Lazard, Inc. Common Stock",NYSE
LB,LandBridge Company LLC Class A Shares Representing Limited Liability Company Interests,NYSE
LBGJ,Li Bang International Corporation Inc. - Class A Ordinary Shares,NASDAQ
LBRT,Liberty Energy Inc. Class A common stock,NYSE
LBRX,LB Pharmaceuticals Inc - Common Stock,NASDAQ
LBTYA,Liberty Global Ltd. - Class A Common Shares,NASDAQ
LBTYB,Liberty Global Ltd. - Class B Common Shares,NASDAQ
LBTYK,Liberty Global Ltd. - Class C Common Shares,NASDAQ
LCCC,Lakeshore Acquisition III Corp. - Ordinary Shares,NASDAQ
LCFY,Locafy Limited - Ordinary Share,NASDAQ
LCID,"Lucid Group, Inc. - Common Stock",NASDAQ
LCII,LCI Industries,NYSE
LCLN,"Lincoln International, Inc. Class A Common Stock",NYSE
LCNB,LCNB Corporation - Common Stock,NASDAQ
LCTX,"Lineage Cell Therapeutics, Inc. Common Stock",NYSE American
LCUT,"Lifetime Brands, Inc. - Common Stock",NASDAQ
LDI,"loanDepot, Inc. Class A Common Stock",NYSE
LDOS,"Leidos Holdings, Inc. Common Stock",NYSE
LE,"Lands' End, Inc. - Common Stock",NASDAQ
LEA,Lear Corporation Common Stock,NYSE
LECO,"Lincoln Electric Holdings, Inc. - Common Shares",NASDAQ
LEDS,SemiLEDS Corporation - Common Stock,NASDAQ
LEE,"Lee Enterprises, Incorporated - Common Stock",NASDAQ
LEGH,Legacy Housing Corporation - Common Stock,NASDAQ
LEGN,Legend Biotech Corporation - American Depositary Shares,NASDAQ
LEGO,Legato Merger Corp. IV Ordinary Shares,NYSE American
LEN,Lennar Corporation Class A Common Stock,NYSE
LEN-B,Lennar Corporation Class B,NYSE
LENZ,"LENZ Therapeutics, Inc. - Common Stock",NASDAQ
LESL,"Leslie's, Inc. - Common Stock",NASDAQ
LEU,Centrus Energy Corp. Class A Common Stock,NYSE
LEVI,Levi Strauss & Co Class A Common Stock,NYSE
LEXX,Lexaria Bioscience Corp. - Common Stock,NASDAQ
LFAC,Leapfrog Acquisition Corporation - Class A Ordinary Shares,NASDAQ
LFCR,"Lifecore Biomedical, Inc. - Common Stock",NASDAQ
LFMD,"LifeMD, Inc. - Common Stock",NASDAQ
LFS,"LEIFRAS Co., Ltd. - American Depositary Shares",NASDAQ
LFST,"LifeStance Health Group, Inc. - Common Stock",NASDAQ
LFT,"Lument Finance Trust, Inc. Common Stock",NYSE
LFTO,"Liftoff Mobile, Inc. - Common Stock",NASDAQ
LFUS,"Littelfuse, Inc. - Common Stock",NASDAQ
LFVN,Lifevantage Corporation - Common Stock,NASDAQ
LFWD,Lifeward Ltd. - Ordinary Shares,NASDAQ
LGCL,Lucas GC Limited - Class A Ordinary Shares,NASDAQ
LGCY,Legacy Education Inc. Common Stock,NYSE American
LGHL,Lion Group Holding Ltd. - American Depositary Share,NASDAQ
LGIH,"LGI Homes, Inc. - Common Stock",NASDAQ
LGL,"LGL Group, Inc. (The) Common Stock",NYSE American
LGN,Legence Corp. - Class A Common stock,NASDAQ
LGND,Ligand Pharmaceuticals Incorporated - Common Stock,NASDAQ
LGO,Largo Inc. - Common Shares,NASDAQ
LGPS,LogProstyle Inc. Common Shares,NYSE American
LGVN,Longeveron Inc. - Class A Common stock,NASDAQ
LH,Labcorp Holdings Inc. Common Stock,NYSE
LHAI,Linkhome Holdings Inc. - Common stock,NASDAQ
LHSW,Lianhe Sowell International Group Ltd - Class A Ordinary Shares,NASDAQ
LHX,"L3Harris Technologies, Inc. Common Stock",NYSE
LI,Li Auto Inc. - American Depositary Shares,NASDAQ
LICN,Lichen International Limited - Class A Ordinary Shares,NASDAQ
LIDR,"AEye, Inc. - Class A Common Stock",NASDAQ
LIEN,"Chicago Atlantic BDC, Inc. - Common Stock",NASDAQ
LIF,"Life360, Inc. - Common Stock",NASDAQ
LIFE,Ethos Technologies Inc. - Class A Common Stock,NASDAQ
LII,"Lennox International, Inc. Common Stock",NYSE
LILA,Liberty Latin America Ltd. - Class A Common Stock,NASDAQ
LILAK,Liberty Latin America Ltd. - Class C Common Stock,NASDAQ
LIME,"Neutron Holdings, Inc. - Common Stock",NASDAQ
LIMN,"Liminatus Pharma, Inc. - Class A Common Stock",NASDAQ
LIN,Linde plc - Ordinary Shares,NASDAQ
LINC,Lincoln Educational Services Corporation - Common Stock,NASDAQ
LIND,Lindblad Expeditions Holdings Inc.  - Common Stock,NASDAQ
LINE,"Lineage, Inc. - Common Stock",NASDAQ
LINK,"Interlink Electronics, Inc. - Common Stock",NASDAQ
LION,Lionsgate Studios Corp Common Shares,NYSE
LIQT,"LiqTech International, Inc. - Common Stock",NASDAQ
LITB,"LightInTheBox Holding Co., Ltd. American Depositary Shares, each representing twelve ordinary shares",NYSE
LITE,Lumentum Holdings Inc. - Common Stock,NASDAQ
LITS,"Lite Strategy, Inc. - Common Stock",NASDAQ
LIVE,Live Ventures Incorporated - Common Stock,NASDAQ
LIVN,LivaNova PLC - Ordinary Shares,NASDAQ
LKFN,Lakeland Financial Corporation - Common Stock,NASDAQ
LKFT,Lakefront Biotherapeutics - American Depositary Shares,NASDAQ
LKQ,LKQ Corporation - Common Stock,NASDAQ
LKSP,Lake Superior Acquisition Corp. - Class A Ordinary Shares,NASDAQ
LLY,Eli Lilly and Company Common Stock,NYSE
LLYVA,"Liberty Live Holdings, Inc. - Series A Liberty Live Group Common Stock",NASDAQ
LLYVK,"Liberty Live Holdings, Inc. - Series C Liberty Live Group Common Stock",NASDAQ
LMAT,"LeMaitre Vascular, Inc. - Common Stock",NASDAQ
LMB,"Limbach Holdings, Inc. - Common Stock",NASDAQ
LMND,"Lemonade, Inc. Common Stock",NYSE
LMNR,Limoneira Co - Common Stock,NASDAQ
LMRI,"Lumexa Imaging Holdings, Inc. - Common Stock",NASDAQ
LMT,Lockheed Martin Corporation Common Stock,NYSE
LNAI,Lunai Bioworks Inc. - Common Stock,NASDAQ
LNC,Lincoln National Corporation Common Stock,NYSE
LND,Brasilagro Brazilian Agric Real Estate Co Sponsored ADR (Brazil),NYSE
LNG,"Cheniere Energy, Inc. Common Stock",NYSE
LNKS,Linkers Industries Limited - Class A Ordinary Shares,NASDAQ
LNN,Lindsay Corporation Common Stock,NYSE
LNSR,"LENSAR, Inc. - Common Stock",NASDAQ
LNT,Alliant Energy Corporation - Common Stock,NASDAQ
LNTH,"Lantheus Holdings, Inc. - Common Stock",NASDAQ
LNZA,"LanzaTech Global, Inc. - Common Stock",NASDAQ
LOAN,"Manhattan Bridge Capital, Inc - Common Stock",NASDAQ
LOAR,Loar Holdings Inc. Common Stock,NYSE
LOB,"Live Oak Bancshares, Inc. Common Stock",NYSE
LOBO,LOBO TECHNOLOGIES LTD. - Class A Ordinary Shares,NASDAQ
LOCL,Local Bounti Corporation Common Stock,NYSE
LOCO,"El Pollo Loco Holdings, Inc. - Common Stock",NASDAQ
LODE,Comstock Inc. Common Stock,NYSE American
LOGI,Logitech International S.A. - Registered Shares,NASDAQ
LOMA,Loma Negra Compania Industrial Argentina Sociedad Anonima ADS,NYSE
LONA,"LeonaBio, Inc. - Common Stock",NASDAQ
LOOP,"Loop Industries, Inc. - Common Stock",NASDAQ
LOPE,"Grand Canyon Education, Inc. - Common Stock",NASDAQ
LOT,Lotus Technology Inc. - American Depositary Shares,NASDAQ
LOVE,The Lovesac Company - Common Stock,NASDAQ
LOW,"Lowe's Companies, Inc. Common Stock",NYSE
LPA,Logistic Properties of the Americas Ordinary Shares,NYSE American
LPAA,Launch One Acquisition Corp. - Class A Ordinary Shares,NASDAQ
LPBB,Launch Two Acquisition Corp. - Class A Ordinary Shares,NASDAQ
LPCN,Lipocine Inc. - Common Stock,NASDAQ
LPCV,Launchpad Cadenza Acquisition Corp I - Class A Ordinary Share,NASDAQ
LPG,Dorian LPG Ltd. Common Stock,NYSE
LPL,"LG Display Co, Ltd AMERICAN DEPOSITORY SHARES",NYSE
LPLA,LPL Financial Holdings Inc. - Common Stock,NASDAQ
LPTH,"LightPath Technologies, Inc. - Class A Common Stock",NASDAQ
LPX,Louisiana-Pacific Corporation Common Stock,NYSE
LQDA,Liquidia Corporation - Common Stock,NASDAQ
LQDT,"Liquidity Services, Inc. - Common Stock",NASDAQ
LRCX,Lam Research Corporation - Common Stock,NASDAQ
LRE,"Lead Real Estate Co., Ltd - American Depositary Shares",NASDAQ
LRHC,La Rosa Holdings Corp. - Common Stock,NASDAQ
LRMR,"Larimar Therapeutics, Inc. - Common Stock",NASDAQ
LRN,"Stride, Inc. Common Stock",NYSE
LSAK,"Lesaka Technologies, Inc. - Common Stock",NASDAQ
LSBK,"Lake Shore Bancorp, Inc. - Common Stock",NASDAQ
LSCC,Lattice Semiconductor Corporation - Common Stock,NASDAQ
LSE,"Leishen Energy Holding Co., Ltd. - Class A Ordinary Shares",NASDAQ
LSF,"Laird Superfood, Inc. Common Stock",NYSE American
LSPD,Lightspeed Commerce Inc. Subordinate Voting Shares,NYSE
LSTA,"Lisata Therapeutics, Inc. - Common Stock",NASDAQ
LSTR,"Landstar System, Inc. - Common Stock",NASDAQ
LTBR,Lightbridge Corporation - Common Stock,NASDAQ
LTC,"LTC Properties, Inc. Common Stock",NYSE
LTGO,"Latigo Biotherapeutics, Inc. - Common Stock",NASDAQ
LTGR,Long Table Growth Corp. - Class A Ordinary Shares,NASDAQ
LTH,"Life Time Group Holdings, Inc. Common Stock",NYSE
LTM,"LATAM Airlines Group S.A. American Depositary Shares (each representing two thousand (2,000) shares of Common Stock)",NYSE
LTRN,Lantern Pharma Inc. - Common Stock,NASDAQ
LTRX,"Lantronix, Inc. - Common Stock",NASDAQ
LU,"Lufax Holding Ltd American Depositary Shares, each representing two (2) Ordinary Shares",NYSE
LUCD,Lucid Diagnostics Inc. - Common Stock,NASDAQ
LUCK,Lucky Strike Entertainment Corporation Class A Common Stock,NYSE
LUCY,"Innovative Eyewear, Inc. - Common Stock",NASDAQ
LUD,Luda Technology Group Limited Ordinary Shares,NYSE American
LULU,lululemon athletica inc. - Common Stock,NASDAQ
LUMN,"Lumen Technologies, Inc. Common Stock",NYSE
LUNG,Pulmonx Corporation - Common Stock,NASDAQ
LUNR,"Intuitive Machines, Inc. - Class A Common Stock",NASDAQ
LUV,Southwest Airlines Company Common Stock,NYSE
LUXE,"LuxExperience B.V. American Depositary Shares, each representing one Ordinary Share",NYSE
LVLU,"Lulu's Fashion Lounge Holdings, Inc. - Common Stock",NASDAQ
LVO,"LiveOne, Inc. - Common Stock",NASDAQ
LVS,Las Vegas Sands Corp. Common Stock,NYSE
LVWR,"LiveWire Group, Inc. Common Stock",NYSE
LW,"Lamb Weston Holdings, Inc. Common Stock",NYSE
LWAC,LightWave Acquisition Corp. - Class A Ordinary Shares,NASDAQ
LWAY,"Lifeway Foods, Inc. - Common Stock",NASDAQ
LWLG,"Lightwave Logic, Inc. - Common Stock",NASDAQ
LX,LexinFintech Holdings Ltd. - American Depositary Shares,NASDAQ
LXEH,"Lixiang Education Holding Co., Ltd. - American Depositary Shares",NASDAQ
LXEO,"Lexeo Therapeutics, Inc. - Common Stock",NASDAQ
LXFR,Luxfer Holdings PLC Ordinary Shares,NYSE
LXP,LXP Industrial Trust Common Stock (Maryland REIT),NYSE
LXRX,"Lexicon Pharmaceuticals, Inc. - Common Stock",NASDAQ
LXU,"LSB Industries, Inc. Common Stock",NYSE
LYB,LyondellBasell Industries NV Ordinary Shares Class A (Netherlands),NYSE
LYEL,"Lyell Immunopharma, Inc. - Common Stock",NASDAQ
LYFT,"Lyft, Inc. - Class A Common Stock",NASDAQ
LYG,Lloyds Banking Group Plc American Depositary Shares,NYSE
LYNX,Lyntris Inc. Common Stock,NYSE
LYTS,LSI Industries Inc. - Common Stock,NASDAQ
LYV,"Live Nation Entertainment, Inc. Common Stock",NYSE
LZ,"LegalZoom.com, Inc. - Common Stock",NASDAQ
LZB,La-Z-Boy Incorporated Common Stock,NYSE
LZM,Lifezone Metals Limited Ordinary Shares,NYSE
LZMH,LZ Technology Holdings Limited - Class B Ordinary Shares,NASDAQ
M,Macy's Inc Common Stock,NYSE
MA,Mastercard Incorporated Common Stock,NYSE
MAA,"Mid-America Apartment Communities, Inc. Common Stock",NYSE
MAAS,Maase Inc. - Class A Ordinary Shares,NASDAQ
MAC,Macerich Company (The) Common Stock,NYSE
MACI,Melar Acquisition Corp. I - Class A Ordinary Shares,NASDAQ
MAGH,Magnitude International Ltd - Ordinary Shares,NASDAQ
MAGN,Magnera Corporation Common Stock,NYSE
MAIA,"MAIA Biotechnology, Inc. Common Stock",NYSE American
MAIN,Main Street Capital Corporation Common Stock,NYSE
MAIR,Madison Air Solutions Corporation Class A Common Stock,NYSE
MAKO,Mako Mining Corp - Common Stock,NASDAQ
MAMA,"Mama's Creations, Inc. - Common Stock",NASDAQ
MAMK,MaxsMaking Inc. - Class A Ordinary Shares,NASDAQ
MAMO,Massimo Group - Common Stock,NASDAQ
MAN,ManpowerGroup Common Stock,NYSE
MANE,"Veradermics, Incorporated Common Stock",NYSE
MANH,"Manhattan Associates, Inc. - Common Stock",NASDAQ
MANU,Manchester United Ltd. Class A Ordinary Shares,NYSE
MAR,Marriott International - Class A Common Stock,NASDAQ
MARA,"MARA Holdings, Inc. - Common Stock",NASDAQ
MAS,Masco Corporation Common Stock,NYSE
MASK,3 E Network Technology Group Ltd - Class A Ordinary Shares,NASDAQ
MASS,908 Devices Inc. - Common Stock,NASDAQ
MAT,"Mattel, Inc. - Common Stock",NASDAQ
MATH,Metalpha Technology Holding Limited - Ordinary Shares,NASDAQ
MATV,"Mativ Holdings, Inc. Common Stock",NYSE
MATW,Matthews International Corporation - Class A Common Stock,NASDAQ
MATX,"Matson, Inc. Common Stock",NYSE
MAX,"MediaAlpha, Inc. Class A Common Stock",NYSE
MAYS,"J. W. Mays, Inc. - Common Stock",NASDAQ
MAZE,"Maze Therapeutics, Inc. - Common Stock",NASDAQ
MB,MasterBeef Group - Ordinary Shares,NASDAQ
MBAI,MBody AI Ltd. - Ordinary Share,NASDAQ
MBBC,"Marathon Bancorp, Inc. - Common Stock",NASDAQ
MBC,"MasterBrand, Inc. Common Stock",NYSE
MBGL,Mobility Global Inc. Common Stock,NYSE
MBI,MBIA Inc. Common Stock,NYSE
MBIN,Merchants Bancorp - Common Stock,NASDAQ
MBIO,"Mustang Bio, Inc. - Common Stock",NASDAQ
MBLY,Mobileye Global Inc. - Class A Common Stock,NASDAQ
MBOT,Microbot Medical Inc.  - Common Stock,NASDAQ
MBRX,"Moleculin Biotech, Inc. - Common Stock",NASDAQ
MBUU,"Malibu Boats, Inc. - Common Stock",NASDAQ
MBVI,M3-Brigade Acquisition VI Corp. - Class A Ordinary Shares,NASDAQ
MBWM,Mercantile Bank Corporation - Common Stock,NASDAQ
MBX,"MBX Biosciences, Inc. - Common Stock",NASDAQ
MC,Moelis & Company Class A Common Stock,NYSE
MCAH,Mountain Crest Acquisition 6 Corp. - Ordinary Shares,NASDAQ
MCB,Metropolitan Bank Holding Corp. Common Stock,NYSE
MCBS,"MetroCity Bankshares, Inc. - Common Stock",NASDAQ
MCD,McDonald's Corporation Common Stock,NYSE
MCFT,"MasterCraft Boat Holdings, Inc. - Common Stock",NASDAQ
MCGA,Yorkville Acquisition Corp. - Class A Ordinary Share,NASDAQ
MCHB,Mechanics Bancorp - Class A Common Stock,NASDAQ
MCHP,Microchip Technology Incorporated - Common Stock,NASDAQ
MCHX,"Marchex, Inc. - Class B Common Stock",NASDAQ
MCI,Barings Corporate Investors Common Stock,NYSE
MCK,McKesson Corporation Common Stock,NYSE
MCO,Moody's Corporation Common Stock,NYSE
MCRB,"Seres Therapeutics, Inc. - Common Stock",NASDAQ
MCRI,"Monarch Casino & Resort, Inc. - Common Stock",NASDAQ
MCRP,Micropolis AI Robotics Ordinary Shares,NYSE American
MCS,Marcus Corporation (The) Common Stock,NYSE
MCTA,Charming Medical Limited - Class A Ordinary Shares,NASDAQ
MCY,Mercury General Corporation Common Stock,NYSE
MD,"Pediatrix Medical Group, Inc. Common Stock",NYSE
MDA,MDA Space Ltd. Common Shares,NYSE
MDAI,"Spectral AI, Inc. - Class A Common Stock",NASDAQ
MDB,"MongoDB, Inc. - Class A Common Stock",NASDAQ
MDBH,"MDB Capital Holdings, LLC - Class A common",NASDAQ
MDCX,Medicus Pharma Ltd. - Common Stock,NASDAQ
MDGL,"Madrigal Pharmaceuticals, Inc. - Common Stock",NASDAQ
MDIA,Mediaco Holding Inc. - Class A Common Stock,NASDAQ
MDLN,Medline Inc. - Class A common stock,NASDAQ
MDLZ,"Mondelez International, Inc. - Class A Common Stock",NASDAQ
MDRR,"Medalist Diversified, Inc. - Common Stock",NASDAQ
MDT,Medtronic plc. Ordinary Shares,NYSE
MDU,"MDU Resources Group, Inc. Common Stock (Holding Company)",NYSE
MDWD,MediWound Ltd. - Ordinary Shares,NASDAQ
MDXG,"MiMedx Group, Inc - Common Stock",NASDAQ
MDXH,MDxHealth SA - Ordinary Shares,NASDAQ
MEC,"Mayville Engineering Company, Inc. Common Stock",NYSE
MED,MEDIFAST INC Common Stock,NYSE
MEDP,"Medpace Holdings, Inc. - Common Stock",NASDAQ
MEDS,"DataMeds AI, Inc. - Common Stock",NASDAQ
MEGL,Magic Empire Global Limited - Class A Ordinary Shares,NASDAQ
MEI,"Methode Electronics, Inc. Common Stock",NYSE
MELI,"MercadoLibre, Inc. - Common Stock",NASDAQ
MENS,Jyong Biotech Ltd. - Ordinary shares,NASDAQ
MEOH,Methanex Corporation - Common Stock,NASDAQ
MERC,Mercer International Inc. - Common Stock,NASDAQ
MESH,Meshflow Acquisition Corp. - Class A Ordinary Shares,NASDAQ
MESO,Mesoblast Limited - American Depositary Shares,NASDAQ
MET,"MetLife, Inc. Common Stock",NYSE
META,"Meta Platforms, Inc. - Class A Common Stock",NASDAQ
METC,"Ramaco Resources, Inc. - Class A Common Stock",NASDAQ
METCB,"Ramaco Resources, Inc. - Class B Common Stock",NASDAQ
MEVO,M Evo Global Acquisition Corp II - Class A Ordinary Shares,NASDAQ
MF,MindForge Inc. - Class A Ordinary Shares,NASDAQ
MFA,"MFA Financial, Inc.",NYSE
MFC,Manulife Financial Corporation Common Stock,NYSE
MFG,"Mizuho Financial Group, Inc. Sponosred ADR (Japan)",NYSE
MFI,mF International Limited - Class A Ordinary Shares,NASDAQ
MFIN,Medallion Financial Corp. - Common Stock,NASDAQ
MFP,"Midera Food Processing, Inc. - Common Stock",NASDAQ
MG,Mistras Group Inc Common Stock,NYSE
MGA,"Magna International, Inc. Common Stock",NYSE
MGEE,MGE Energy Inc. - Common Stock,NASDAQ
MGIH,Millennium Group International Holdings Limited - Ordinary Shares,NASDAQ
MGLD,"The Marygold Companies, Inc. Common Stock",NYSE American
MGM,MGM Resorts International Common Stock,NYSE
MGN,Megan Holdings Limited - Class A Ordinary Shares,NASDAQ
MGNI,"Magnite, Inc. - Common Stock",NASDAQ
MGNX,"MacroGenics, Inc. - Common Stock",NASDAQ
MGPI,"MGP Ingredients, Inc. - Common Stock",NASDAQ
MGRC,McGrath RentCorp - Common Stock,NASDAQ
MGRT,Mega Fortune Company Limited - Ordinary Shares,NASDAQ
MGRX,"Mangoceuticals, Inc. - Common Stock",NASDAQ
MGTX,MeiraGTx Holdings plc - Ordinary Shares,NASDAQ
MGX,"Metagenomi Therapeutics, Inc. - Common Stock",NASDAQ
MGY,Magnolia Oil & Gas Corporation Class A Common Stock,NYSE
MGYR,"Magyar Bancorp, Inc. - Common Stock",NASDAQ
MH,"McGraw Hill, Inc. Common Stock",NYSE
MHH,"Mastech Digital, Inc Common Stock",NYSE American
MHK,"Mohawk Industries, Inc. Common Stock",NYSE
MHO,"M/I Homes, Inc. Common Stock",NYSE
MI,NFT Limited Class A Ordinary Share,NYSE American
MIAC,Meridian3 Industrials Acquisition Corp - Class A Ordinary Shares,NASDAQ
MIAX,"Miami International Holdings, Inc. Common Stock",NYSE
MICC,The Magnum Ice Cream Company N.V. Ordinary Shares,NYSE
MIDD,The Middleby Corporation - Common Stock,NASDAQ
MIMI,Mint Incorporation Limited - Class A Ordinary Shares,NASDAQ
MIND,"MIND Technology, Inc. - Common Stock",NASDAQ
MINE,Mayfair Gold Corp. Common Shares,NYSE American
MIR,"Mirion Technologies, Inc. Class A Common Stock",NYSE
MIRA,"MIRA Pharmaceuticals, Inc. - Common Stock",NASDAQ
MIRM,"Mirum Pharmaceuticals, Inc. - common stock",NASDAQ
MIST,Milestone Pharmaceuticals Inc. - Common Shares,NASDAQ
MITK,"Mitek Systems, Inc. - Common Stock",NASDAQ
MITQ,"Moving iMage Technologies, Inc. Common Stock",NYSE American
MITT,"TPG Mortgage Investment Trust, Inc. Common Stock",NYSE
MKC,"McCormick & Company, Incorporated Common Stock",NYSE
MKC-V,"McCormick & Company, Incorporated Common Stock",NYSE
MKDW,MKDWELL Tech Inc. - Ordinary Shares,NASDAQ
MKL,Markel Group Inc. Common Stock,NYSE
MKLY,McKinley Acquisition Corporation - Class A Ordinary Shares,NASDAQ
MKSI,MKS Inc. - Common Stock,NASDAQ
MKTW,"MarketWise, Inc. - Class A Common Stock",NASDAQ
MKTX,"MarketAxess Holdings, Inc. - Common Stock",NASDAQ
MKZR,"MacKenzie Realty Capital, Inc. - Common Stock",NASDAQ
MLAA,Mountain Lake Acquisition Corp. II - Class A Ordinary Shares,NASDAQ
MLAB,"Mesa Laboratories, Inc. - Common Stock",NASDAQ
MLCI,Mount Logan Capital Inc. - Common Stock,NASDAQ
MLCO,Melco Resorts & Entertainment Limited - American Depositary Shares,NASDAQ
MLEC,Moolec Science SA - Ordinary Shares,NASDAQ
MLGO,"MicroAlgo, Inc. - Ordinary Shares",NASDAQ
MLI,"Mueller Industries, Inc. Common Stock",NYSE
MLKN,"MillerKnoll, Inc. - Common Stock",NASDAQ
MLM,"Martin Marietta Materials, Inc. Common Stock",NYSE
MLP,"Maui Land & Pineapple Company, Inc. Common Stock",NYSE
MLR,"Miller Industries, Inc. Common Stock",NYSE
MLSS,"Milestone Scientific, Inc. Common Stock",NYSE American
MLTX,MoonLake Immunotherapeutics - Class A Ordinary Shares,NASDAQ
MLYS,"Mineralys Therapeutics, Inc. - Common Stock",NASDAQ
MMA,Mixed Martial Arts Group Limited Ordinary Shares,NYSE American
MMED,"MiniMed Group, Inc. - Common Stock",NASDAQ
MMI,"Marcus & Millichap, Inc. Common Stock",NYSE
MMM,3M Company Common Stock,NYSE
MMS,"Maximus, Inc. Common Stock",NYSE
MMSI,"Merit Medical Systems, Inc. - Common Stock",NASDAQ
MMTX,Miluna Acquisition Corp - Class A Ordinary Shares,NASDAQ
MMYT,MakeMyTrip Limited - Ordinary Shares,NASDAQ
MNDO,MIND C.T.I. Ltd. - Ordinary Shares,NASDAQ
MNDR,Mobile-health Network Solutions - Class A Ordinary Shares,NASDAQ
MNDY,monday.com Ltd. - Ordinary Shares,NASDAQ
MNKD,MannKind Corporation - Common Stock,NASDAQ
MNOV,"MediciNova, Inc. - Common Stock",NASDAQ
MNPR,Monopar Therapeutics Inc. - Common Stock,NASDAQ
MNRO,"Monro, Inc.  - Common Stock",NASDAQ
MNSB,"MainStreet Bancshares, Inc. - Common Stock",NASDAQ
MNSBP,"MainStreet Bancshares, Inc. - Depositary Shares",NASDAQ
MNSO,"MINISO Group Holding Limited American Depositary Shares, each representing four Ordinary Shares",NYSE
MNST,Monster Beverage Corporation - Common Stock,NASDAQ
MNTK,"Montauk Renewables, Inc. - Common Stock",NASDAQ
MNTN,"MNTN, Inc. Class A Common Stock",NYSE
MNTS,Momentus Inc. - Class A Common Stock,NASDAQ
MNY,MoneyHero Limited - Class A Ordinary Shares,NASDAQ
MO,"Altria Group, Inc.",NYSE
MOB,Mobilicom Limited - Ordinary Shares,NASDAQ
MOBI,"Mobia Medical, Inc. - Common Stock",NASDAQ
MOBX,"Mobix Labs, Inc. - Class A Common Stock",NASDAQ
MOD,Modine Manufacturing Company Common Stock,NYSE
MODD,"Modular Medical, Inc. - common stock",NASDAQ
MOG-A,Moog Inc. Class A Common Stock,NYSE
MOG-B,Moog Inc. Class B Common Stock,NYSE
MOGU,MOGU Inc. American Depositary Shares (each  representing 25 Class A Ordinary Shares),NYSE
MOH,Molina Healthcare Inc Common Stock,NYSE
MOLN,Molecular Partners AG - American Depositary Shares,NASDAQ
MOMO,Hello Group Inc.  - American Depositary Shares,NASDAQ
MORN,"Morningstar, Inc. - Common Stock",NASDAQ
MOS,Mosaic Company (The) Common Stock,NYSE
MOV,Movado Group Inc. Common Stock,NYSE
MOVE,"Corvex, Inc. - Common Stock",NASDAQ
MP,MP Materials Corp. Common Stock,NYSE
MPAA,"Motorcar Parts of America, Inc. - Common Stock",NASDAQ
MPB,Mid Penn Bancorp - Common Stock,NASDAQ
MPC,Marathon Petroleum Corporation Common Stock,NYSE
MPLT,"MapLight Therapeutics, Inc. - Common Stock",NASDAQ
MPT,"Medical Properties Trust, Inc. common stock",NYSE
MPTI,"M-tron Industries, Inc. Common Stock",NYSE American
MPU,Mega Matrix Inc. Class A Ordinary Shares,NYSE American
MPV,Barings Participation Investors Common Stock,NYSE
MPWR,"Monolithic Power Systems, Inc. - Common Stock",NASDAQ
MQ,"Marqeta, Inc. - Class A Common Stock",NASDAQ
MRAM,"Everspin Technologies, Inc. - Common Stock",NASDAQ
MRBK,Meridian Corporation - Common Stock,NASDAQ
MRCO,Mercator Acquisition Corp. - Class A Ordinary Shares,NASDAQ
MRCY,Mercury Systems Inc - Common Stock,NASDAQ
MRDN,Meridian Holdings Inc. - Common Stock,NASDAQ
MREO,Mereo BioPharma Group plc - American Depositary Shares,NASDAQ
MRK,"Merck & Company, Inc. Common Stock (new)",NYSE
MRKR,"Marker Therapeutics, Inc. - Common Stock",NASDAQ
MRLN,"Merlin, Inc. - Common Stock",NASDAQ
MRM,MEDIROM Healthcare Technologies Inc. - American Depositary Share,NASDAQ
MRNA,"Moderna, Inc. - Common Stock",NASDAQ
MRNO,Murano Global Investments PLC - Ordinary Shares,NASDAQ
MRP,"Millrose Properties, Inc. Class A Common Stock",NYSE
MRSH,Marsh Common Stock,NYSE
MRT,"Marti Technologies, Inc. Class A Ordinary Shares",NYSE American
MRTN,"Marten Transport, Ltd. - Common Stock",NASDAQ
MRVI,"Maravai LifeSciences Holdings, Inc. - Class A common stock",NASDAQ
MRVL,"Marvell Technology, Inc. - Common Stock",NASDAQ
MRX,Marex Group Limited - Ordinary Shares,NASDAQ
MS,Morgan Stanley Common Stock,NYSE
MSA,MSA Safety Incorporated Common Stock,NYSE
MSAI,"MultiSensor AI Holdings, Inc. - Common Stock",NASDAQ
MSB,Mesabi Trust Common Stock,NYSE
MSBI,"Midland States Bancorp, Inc. - Common Stock",NASDAQ
MSC,"Studio City International Holdings Limited American depositary shares, each representing four  Class A ordinary shares",NYSE
MSCI,MSCI Inc. Common Stock,NYSE
MSEX,Middlesex Water Company - Common Stock,NASDAQ
MSFT,Microsoft Corporation - Common Stock,NASDAQ
MSGE,Madison Square Garden Entertainment Corp. Class A Common Stock,NYSE
MSGM,Motorsport Games Inc. - Class A Common Stock,NASDAQ
MSGS,Madison Square Garden Sports Corp. Class A Common Stock (New),NYSE
MSGY,Masonglory Limited - Class A Ordinary Shares,NASDAQ
MSI,"Motorola Solutions, Inc. Common Stock",NYSE
MSLE,Satellos Bioscience Inc. - Common Stock,NASDAQ
MSM,"MSC Industrial Direct Company, Inc. Common Stock",NYSE
MSN,Emerson Radio Corporation Common Stock,NYSE American
MSS,Maison Solutions Inc. - Class A Common Stock,NASDAQ
MSTR,Strategy Inc - Class A Common Stock,NASDAQ
MT,Arcelor Mittal NY Registry Shares NEW,NYSE
MTA,Metalla Royalty & Streaming Ltd. Common Shares,NYSE American
MTAK,Market Technology Acquisition Corp - Class A Ordinary Shares,NASDAQ
MTAL,Metals Acquisition Corp. II Class A Ordinary Shares,NYSE
MTB,M&T Bank Corporation Common Stock,NYSE
MTC,"MMTec, Inc. - Common Shares",NASDAQ
MTCH,"Match Group, Inc. - Common Stock",NASDAQ
MTD,"Mettler-Toledo International, Inc. Common Stock",NYSE
MTDR,Matador Resources Company Common Stock,NYSE
MTEK,Maris-Tech Ltd. - ordinary shares,NASDAQ
MTEN,Mingteng International Corporation Inc. - Class A Ordinary Shares,NASDAQ
MTEX,"Mannatech, Incorporated - Common Stock",NASDAQ
MTG,MGIC Investment Corporation Common Stock,NYSE
MTH,Meritage Homes Corporation Common Stock,NYSE
MTLS,Materialise NV - American Depositary Shares,NASDAQ
MTN,"Vail Resorts, Inc. Common Stock",NYSE
MTNB,"Matinas Biopharma Holdings, Inc. Common Stock",NYSE American
MTNE,CH4 Natural Solutions Corporation Class A Ordinary Shares,NYSE
MTRN,Materion Corporation,NYSE
MTRX,Matrix Service Company - Common Stock,NASDAQ
MTSI,"MACOM Technology Solutions Holdings, Inc. - Common Stock",NASDAQ
MTUS,Metallus Inc. Common Shares,NYSE
MTVA,MetaVia Inc.  - Common Stock,NASDAQ
MTW,"Manitowoc Company, Inc. (The) Common Stock",NYSE
MTX,Minerals Technologies Inc. Common Stock,NYSE
MTZ,"MasTec, Inc. Common Stock",NYSE
MU,"Micron Technology, Inc. - Common Stock",NASDAQ
MUFG,"Mitsubishi UFJ Financial Group, Inc. Common Stock",NYSE
MUR,Murphy Oil Corporation Common Stock,NYSE
MUSA,Murphy USA Inc. Common Stock,NYSE
MUX,McEwen Inc. Common Stock,NYSE
MUZE,Muzero Acquisition Corp - Class A Ordinary Shares,NASDAQ
MVBF,MVB Financial Corp. - Common Stock,NASDAQ
MVIS,"MicroVision, Inc. - Common Stock",NASDAQ
MVST,"Microvast Holdings, Inc. - Common Stock",NASDAQ
MWA,MUELLER WATER PRODUCTS Common Stock,NYSE
MWC,"Micware Co., Ltd. - American Depositary Shares",NASDAQ
MWG,Multi Ways Holdings Limited Class A Ordinary Shares,NYSE American
MWH,"SOLV Energy, Inc. - Class A common stock",NASDAQ
MWYN,"Marwynn Holdings, Inc. - Common stock",NASDAQ
MX,Magnachip Semiconductor Corporation Common Stock,NYSE
MXC,Mexco Energy Corporation Common Stock,NYSE American
MXCT,"MaxCyte, Inc. - Common Stock",NASDAQ
MXL,"MaxLinear, Inc - Common Stock",NASDAQ
MYE,"Myers Industries, Inc. Common Stock",NYSE
MYFW,"First Western Financial, Inc. - Common Stock",NASDAQ
MYGN,"Myriad Genetics, Inc. - Common Stock",NASDAQ
MYND,"Mynd.ai, Inc. American Depositary Shares",NYSE American
MYO,Myomo Inc. Common Stock,NYSE American
MYPS,"PLAYSTUDIOS, Inc.  - Class A Common Stock",NASDAQ
MYRG,"MYR Group, Inc. - Common Stock",NASDAQ
MYSE,"Myseum.AI, Inc. - Common Stock",NASDAQ
MYSZ,"My Size, Inc. - Common Stock",NASDAQ
MYX,Maywood Acquisition Corp. 2 - Class A Ordinary Share,NASDAQ
MZTI,The Marzetti Company - Common Stock,NASDAQ
MZYX,MOZAYYX Acquisition Corp. Class A Ordinary Shares,NYSE
NAAS,NaaS Technology Inc. - American Depositary Shares,NASDAQ
NABL,"N-able, Inc. Common Stock",NYSE
NAGE,"Niagen Bioscience, Inc. - Common Stock",NASDAQ
NAII,"Natural Alternatives International, Inc. - Common Stock",NASDAQ
NAK,"Northern Dynasty Minerals, Ltd. Common Stock",NYSE American
NAKA,Nakamoto Inc. - Common Stock,NASDAQ
NAMI,Jinxin Technology Holding Company - American Depositary Shares,NASDAQ
NAMM,Namib Minerals - Ordinary Shares,NASDAQ
NAMS,NewAmsterdam Pharma Company N.V. - Ordinary Shares,NASDAQ
NAT,Nordic American Tankers Limited Common Stock,NYSE
NATH,"Nathan's Famous, Inc. - Common Stock",NASDAQ
NATL,NCR Atleos Corporation Common Stock,NYSE
NATR,"Nature's Sunshine Products, Inc. - Common Stock",NASDAQ
NAUT,"Nautilus Biotechnology, Inc. - Common Stock",NASDAQ
NAVI,Navient Corporation - Common Stock,NASDAQ
NAVN,"Navan, Inc. - Class A Common Stock",NASDAQ
NB,NioCorp Developments Ltd. - Common Stock,NASDAQ
NBBK,"NB Bancorp, Inc. - Common Stock",NASDAQ
NBHC,National Bank Holdings Corporation Common Stock,NYSE
NBIS,Nebius Group N.V. - Class A Ordinary Shares,NASDAQ
NBIX,"Neurocrine Biosciences, Inc. - Common Stock",NASDAQ
NBN,Northeast Bank - Common Stock,NASDAQ
NBP,NovaBridge Biosciences - American Depositary Shares,NASDAQ
NBR,Nabors Industries Ltd.,NYSE
NBRG,Newbridge Acquisition Limited - Class A Ordinary Share,NASDAQ
NBTB,NBT Bancorp Inc. - Common Stock,NASDAQ
NBTX,Nanobiotix S.A. - ADSs,NASDAQ
NC,"NACCO Industries, Inc. Common Stock",NYSE
NCDL,Nuveen Churchill Direct Lending Corp. Common Stock,NYSE
NCEL,NewcelX Ltd. - Ordinary Shares,NASDAQ
NCEW,New Century Logistics (BVI) Limited - Ordinary Shares,NASDAQ
NCI,Neo-Concept International Group Holdings Limited - Class A Ordinary Shares,NASDAQ
NCLH,Norwegian Cruise Line Holdings Ltd. Ordinary Shares,NYSE
NCMI,"National CineMedia, Inc. - Common Stock",NASDAQ
NCNA,NuCana plc - American Depositary Shares,NASDAQ
NCNO,"nCino, Inc. - Common Stock",NASDAQ
NCO,Southern Cross Acquisition I Corp. - Ordinary Shares,NASDAQ
NCPL,Netcapital Inc. - Common Stock,NASDAQ
NCRA,"Nocera, Inc. - common stock",NASDAQ
NCT,Intercont (Cayman) Limited - Class A Ordinary shares,NASDAQ
NCTY,The9 Limited - American Depository Shares,NASDAQ
NDAQ,"Nasdaq, Inc. - Common Stock",NASDAQ
NDLS,Noodles & Company - Class A Common Stock,NASDAQ
NDRA,ENDRA Life Sciences Inc. - Common Stock,NASDAQ
NDSN,Nordson Corporation - Common Stock,NASDAQ
NE,Noble Corporation plc A Ordinary Shares,NYSE
NECB,"NorthEast Community Bancorp, Inc. - Common Stock",NASDAQ
NEE,"NextEra Energy, Inc. Common Stock",NYSE
NEGG,"Newegg Commerce, Inc. - Common Shares",NASDAQ
NEM,Newmont Corporation,NYSE
NEO,"NeoGenomics, Inc. - Common Stock",NASDAQ
NEOG,Neogen Corporation - Common Stock,NASDAQ
NEON,Neonode Inc. - Common Stock,NASDAQ
NEOV,NeoVolta Inc. - Common Stock,NASDAQ
NEPH,"Nephros, Inc. - Common Stock",NASDAQ
NERV,"Minerva Neurosciences, Inc - Common Stock",NASDAQ
NESR,National Energy Services Reunited Corp - Ordinary Shares,NASDAQ
NET,"Cloudflare, Inc. Class A Common Stock",NYSE
NEU,NewMarket Corp Common Stock,NYSE
NEUP,Neuphoria Therapeutics Inc. - Common Stock,NASDAQ
NEWP,New Pacific Metals Corp. Common Shares,NYSE American
NEWT,"NewtekOne, Inc. - Common Stock",NASDAQ
NEXA,Nexa Resources S.A. Common Shares,NYSE
NEXM,NexMetals Mining Corp. - Common Stock,NASDAQ
NEXN,Nexxen International Ltd. - Ordinary Shares,NASDAQ
NEXR,Nexera Technologies Ltd - Ordinary Shares,NASDAQ
NEXT,NextDecade Corporation - Common Stock,NASDAQ
NFE,New Fortress Energy Inc. - Class A Common Stock,NASDAQ
NFG,National Fuel Gas Company Common Stock,NYSE
NFGC,New Found Gold Corp Common Shares,NYSE American
NFLX,"Netflix, Inc. - Common Stock",NASDAQ
NG,Novagold Resources Inc.,NYSE American
NGEN,NervGen Pharma Corp. - Common stock,NASDAQ
NGG,"National Grid Transco, PLC National Grid PLC (NEW) American Depositary Shares",NYSE
NGNE,Neurogene Inc. - Common Stock,NASDAQ
NGS,"Natural Gas Services Group, Inc. Common Stock",NYSE
NGVC,"Natural Grocers by Vitamin Cottage, Inc. Common Stock",NYSE
NGVT,Ingevity Corporation Common Stock,NYSE
NHC,National HealthCare Corporation Common Stock,NYSE American
NHI,"National Health Investors, Inc. Common Stock",NYSE
NHIV,NewHold Investment Corp IV - Class A Ordinary Shares,NASDAQ
NHP,"National Healthcare Properties, Inc. - Class A Common Stock",NASDAQ
NHTC,Natural Health Trends Corp. - Common Stock,NASDAQ
NI,NiSource Inc Common Stock,NYSE
NIC,Nicolet Bankshares Inc. Common Stock,NYSE
NICE,NICE Ltd - American Depositary Shares each representing one Ordinary Share,NASDAQ
NICM,Nicola Mining Inc. - American Depositary Shares,NASDAQ
NIKI,"Niki BioSolutions, Inc. - Common Stock",NASDAQ
NINE,"Nine Energy Service, Inc. Common Stock",NYSE American
NIO,"NIO Inc. American depositary shares, each  representing one Class A ordinary share",NYSE
NIPG,NIP Group Inc. - American Depositary Shares,NASDAQ
NIQ,NIQ Global Intelligence plc Ordinary Shares,NYSE
NIU,Niu Technologies - American Depositary Shares,NASDAQ
NIVF,NewGenIvf Group Limited - Class A Ordinary Shares,NASDAQ
NIXX,"Nixxy, Inc. - Common Stock",NASDAQ
NJR,NewJersey Resources Corporation Common Stock,NYSE
NKE,"Nike, Inc. Common Stock",NYSE
NKLR,Terra Innovatum Global N.V. - Ordinary shares,NASDAQ
NKSH,"National Bankshares, Inc. - Common Stock",NASDAQ
NKTR,Nektar Therapeutics - Common Stock,NASDAQ
NKTX,"Nkarta, Inc. - Common Stock",NASDAQ
NL,"NLI Holdings, Inc. Common Stock",NYSE
NLOP,Net Lease Office Properties Common Shares of Beneficial Interest,NYSE
NLY,Annaly Capital Management Inc. Common Stock,NYSE
NMAD,"Nomad Power Solutions, Inc. - Common Stock",NASDAQ
NMAX,"Newsmax, Inc. Class B Common Stock",NYSE
NMFC,New Mountain Finance Corporation - Common Stock,NASDAQ
NMG,Nouveau Monde Graphite Inc. Common Shares,NYSE
NMIH,NMI Holdings Inc - Common Stock,NASDAQ
NMP,NMP Acquisition Corp. - Class A Ordinary Shares,NASDAQ
NMR,Nomura Holdings Inc ADR American Depositary Shares,NYSE
NMRA,"Neumora Therapeutics, Inc. - Common Stock",NASDAQ
NMRK,"Newmark Group, Inc. - Class A Common Stock",NASDAQ
NMTC,NeuroOne Medical Technologies Corporation - Common Stock,NASDAQ
NN,NextNav Inc. - Common stock,NASDAQ
NNBR,"NN, Inc. - Common Stock",NASDAQ
NNDM,Nano Dimension Ltd. - American Depositary Shares,NASDAQ
NNE,Nano Nuclear Energy Inc. - common stock,NASDAQ
NNI,"Nelnet, Inc. Common Stock",NYSE
NNN,"NNN REIT, Inc. Common Stock",NYSE
NNNN,Anbio Biotechnology - Class A Ordinary Shares,NASDAQ
NNOX,NANO-X IMAGING LTD - Ordinary Shares,NASDAQ
NNVC,"NanoViricides, Inc. Common Stock",NYSE American
NOA,North American Construction Group Ltd. Common Shares (no par),NYSE
NOAH,Noah Holdings Limited American Depositary Shares,NYSE
NOC,Northrop Grumman Corporation Common Stock,NYSE
NODK,"NI Holdings, Inc. - Common Stock",NASDAQ
NOEM,CO2 Energy Transition Corp. - Common Stock,NASDAQ
NOG,"Northern Oil and Gas, Inc. Common Stock",NYSE
NOK,Nokia Corporation Sponsored American Depositary Shares,NYSE
NOMA,NOMADAR Corp. - Class A Common Stock,NASDAQ
NOMD,Nomad Foods Limited Ordinary Shares,NYSE
NOV,NOV Inc. Common Stock,NYSE
NOVT,Novanta Inc. - Common Shares,NASDAQ
NOW,"ServiceNow, Inc. Common Stock",NYSE
NP,Neptune Insurance Holdings Inc. Class A Common Stock,NYSE
NPAC,New Providence Acquisition Corp. III - Ordinary Shares,NASDAQ
NPB,"Northpointe Bancshares, Inc. Common Stock",NYSE
NPCE,"Neuropace, Inc. - Common Stock",NASDAQ
NPK,"National Presto Industries, Inc. Common Stock",NYSE
NPKI,NPK International Inc. Common Stock,NYSE
NPO,Enpro Inc. Common Stock,NYSE
NPT,Texxon Holding Limited - Ordinary shares,NASDAQ
NPWR,NET Power Inc. Class A Common Stock,NYSE
NRC,NRC Health - Common Stock,NASDAQ
NRDS,"NerdWallet, Inc. - Class A Common Stock",NASDAQ
NRDY,Nerdy Inc. Class A Common Stock,NYSE
NREF,"NexPoint Real Estate Finance, Inc. Common Stock",NYSE
NRG,"NRG Energy, Inc. Common Stock",NYSE
NRGV,"Energy Vault Holdings, Inc. Common Stock",NYSE
NRIM,Northrim BanCorp Inc - Common Stock,NASDAQ
NRIX,"Nurix Therapeutics, Inc. - Common stock",NASDAQ
NRP,Natural Resource Partners LP Limited Partnership,NYSE
NRSN,NeuroSense Therapeutics Ltd. - Ordinary Shares,NASDAQ
NRT,North European Oil Royality Trust Common Stock,NYSE
NRXP,"NRX Pharmaceuticals, Inc. - Common Stock",NASDAQ
NRXS,"Neuraxis, Inc. Common Stock",NYSE American
NSAI,NorthStrive Acquisition Corp I. - Class A Ordinary Shares,NASDAQ
NSC,Norfolk Southern Corporation Common Stock,NYSE
NSIT,"Insight Enterprises, Inc. - Common Stock",NASDAQ
NSP,"Insperity, Inc. Common Stock",NYSE
NSPR,InspireMD Inc. - Common Stock,NASDAQ
NSRX,Nasus Pharma Ltd. Ordinary Shares,NYSE American
NSSC,"NAPCO Security Technologies, Inc. - Common Stock",NASDAQ
NSTS,"NSTS Bancorp, Inc. - Common Stock",NASDAQ
NSYS,Nortech Systems Incorporated - Common Stock,NASDAQ
NTAP,"NetApp, Inc. - Common Stock",NASDAQ
NTB,Bank of N.T. Butterfield & Son Limited (The) Voting Ordinary Shares,NYSE
NTCL,NETCLASS TECHNOLOGY INC - Class A Ordinary Shares,NASDAQ
NTCT,"NetScout Systems, Inc. - Common Stock",NASDAQ
NTES,"NetEase, Inc. - American Depositary Shares, each representing 5 ordinary shares",NASDAQ
NTGR,"NETGEAR, Inc. - Common Stock",NASDAQ
NTHI,"NeOnc Technologies Holdings, Inc. - Common Stock",NASDAQ
NTIC,Northern Technologies International Corporation - Common Stock,NASDAQ
NTIP,"Network-1 Technologies, Inc. Common Stock",NYSE American
NTLA,"Intellia Therapeutics, Inc. - Common Stock",NASDAQ
NTNX,"Nutanix, Inc. - Class A Common Stock",NASDAQ
NTR,Nutrien Ltd. Common Shares,NYSE
NTRA,"Natera, Inc. - Common Stock",NASDAQ
NTRB,Nutriband Inc. - Common Stock,NASDAQ
NTRP,"NextTrip, Inc. - Common Stock",NASDAQ
NTRS,Northern Trust Corporation - Common Stock,NASDAQ
NTSK,"Netskope, Inc. - Class A Common Stock",NASDAQ
NTST,NetSTREIT Corp. Common Stock,NYSE
NTWK,NETSOL Technologies Inc. - Common Stock,NASDAQ
NTWO,Newbury Street II Acquisition Corp - Class A Ordinary Shares,NASDAQ
NU,Nu Holdings Ltd. Class A Ordinary Shares,NYSE
NUAI,"New Era Energy & Digital, Inc. - Common Stock",NASDAQ
NUCL,Eagle Nuclear Energy Corp. - Common stock,NASDAQ
NUE,Nucor Corporation Common Stock,NYSE
NUR,Nuran Wireless Inc. - Common Shares,NASDAQ
NUS,"Nu Skin Enterprises, Inc. Common Stock",NYSE
NUTX,Nutex Health Inc. - Common Stock,NASDAQ
NUVB,Nuvation Bio Inc. Class A Common Stock,NYSE
NUWE,"Nuwellis, Inc. - Common Stock",NASDAQ
NVA,Nova Minerals Corp Common Stock,NYSE American
NVAX,"Novavax, Inc. - Common Stock",NASDAQ
NVCR,NovoCure Limited - Ordinary Shares,NASDAQ
NVCT,"Nuvectis Pharma, Inc. - Common Stock",NASDAQ
NVDA,NVIDIA Corporation - Common Stock,NASDAQ
NVEC,NVE Corporation - Common Stock,NASDAQ
NVGS,Navigator Holdings Ltd. Ordinary Shares (Marshall Islands),NYSE
NVMI,Nova Ltd. - Ordinary Shares,NASDAQ
NVNI,Nvni Group Limited - Ordinary Shares,NASDAQ
NVNO,enVVeno Medical Corporation - Common Stock,NASDAQ
NVO,Novo Nordisk A/S Common Stock,NYSE
NVR,"NVR, Inc. Common Stock",NYSE
NVRI,Enviri Corporation Common Stock,NYSE
NVS,Novartis AG Common Stock,NYSE
NVST,Envista Holdings Corporation Common Stock,NYSE
NVT,nVent Electric plc Ordinary Shares,NYSE
NVTS,Navitas Semiconductor Corporation - Common Stock,NASDAQ
NVX,NOVONIX Limited - American Depository Shares,NASDAQ
NWAX,New America Acquisition I Corp. Class A Common Stock,NYSE
NWBI,"Northwest Bancshares, Inc. - Common Stock",NASDAQ
NWCL,newcleo plc - Ordinary Shares,NASDAQ
NWE,"NorthWestern Energy Group, Inc.  - Common Stock",NASDAQ
NWFL,Norwood Financial Corp. - Common Stock,NASDAQ
NWG,"NatWest Group plc American Depositary Shares, (each representing two (2) Ordinary Shares)",NYSE
NWGL,CL Workshop Group Limited - American Depositary Shares,NASDAQ
NWL,Newell Brands Inc. - Common Stock,NASDAQ
NWN,Northwest Natural Holding Company Common Stock,NYSE
NWPX,"NWPX Infrastructure, Inc. - Common Stock",NASDAQ
NWS,News Corporation - Class B Common Stock,NASDAQ
NWSA,News Corporation - Class A Common Stock,NASDAQ
NWTG,"Newton Golf Company, Inc. - Common Stock",NASDAQ
NX,Quanex Building Products Corporation Common Stock,NYSE
NXAT,Nexus Advanced Technologies Inc. - Ordinary Shares,NASDAQ
NXB,NextBoat Inc. Common Stcok,NYSE American
NXDR,"Nextdoor Holdings, Inc. Class A Common Stock",NYSE
NXDT,NexPoint Diversified Real Estate Trust Common Stock,NYSE
NXE,Nexgen Energy Ltd. Common Shares,NYSE
NXGL,"NexGel, Inc - Common Stock",NASDAQ
NXH,"Neighborhood Intelligence, Inc.  - Common Stock",NASDAQ
NXL,"Nexalin Technology, Inc. - Common Stock",NASDAQ
NXPI,NXP Semiconductors N.V. - Common Stock,NASDAQ
NXPL,NextPlat Corp - Common Stock,NASDAQ
NXRT,"NexPoint Residential Trust, Inc. Common Stock",NYSE
NXST,"Nexstar Media Group, Inc. - Common Stock",NASDAQ
NXT,Nextpower Inc. - Common Stock,NASDAQ
NXTC,"NextCure, Inc. - Common Stock",NASDAQ
NXTS,Nexentis Technologies Inc. - Common Stock,NASDAQ
NXTT,Next Technology Holding Inc. - Ordinary Shares,NASDAQ
NXXT,"NextNRG, Inc. - Common Stock",NASDAQ
NYAX,Nayax Ltd. - Ordinary Shares,NASDAQ
NYC,American Strategic Investment Co. Class A Common Stock,NYSE
NYT,New York Times Company (The) Common Stock,NYSE
NYXH,Nyxoah SA - Ordinary Shares,NASDAQ
O,Realty Income Corporation Common Stock,NYSE
OABI,"OmniAb, Inc. - Common Stock",NASDAQ
OACC,Oaktree Acquisition Corp. III Life Sciences - Class A Ordinary Share,NASDAQ
OBA,Oxley Bridge Acquisition Limited - Class A Ordinary Shares,NASDAQ
OBDC,Blue Owl Capital Corporation Common Stock,NYSE
OBE,Obsidian Energy Ltd. Common Shares,NYSE American
OBIO,"Orchestra BioMed Holdings, Inc. - Ordinary Shares",NASDAQ
OBK,"Origin Bancorp, Inc. Common Stock",NYSE
OBT,"Orange County Bancorp, Inc. - Common Stock",NASDAQ
OBX,"Obsidian Therapeutics, Inc. - Common Stock",NASDAQ
OC,Owens Corning Inc Common Stock New,NYSE
OCAC,Ocean Capital Acquisition Corporation Ordinary Shares,NYSE
OCC,Optical Cable Corporation - Common Stock,NASDAQ
OCFC,OceanFirst Financial Corp. - Common Stock,NASDAQ
OCG,Oriental Culture Holding LTD - Ordinary Shares,NASDAQ
OCGN,"Ocugen, Inc. - Common Stock",NASDAQ
OCLT,OceanLight Acquisition Corporation - Ordinary Shares,NASDAQ
OCS,Oculis Holding AG - Ordinary shares,NASDAQ
OCTV,Octave Intelligence plc - Class B Ordinary Shares,NASDAQ
OCUL,"Ocular Therapeutix, Inc. - Common Stock",NASDAQ
ODC,Oil-Dri Corporation Of America Common Stock,NYSE
ODD,ODDITY Tech Ltd. - Class A Ordinary Shares,NASDAQ
ODFL,"Old Dominion Freight Line, Inc. - Common Stock",NASDAQ
ODTX,"Odyssey Therapeutics, Inc. - Common Stock",NASDAQ
ODYS,Odysight.ai Inc. - Common Stock,NASDAQ
OEC,Orion S.A. Common Shares,NYSE
OESX,"Orion Energy Systems, Inc. - Common Stock",NASDAQ
OFAL,OFA Group - Class A Ordinary Shares,NASDAQ
OFG,OFG Bancorp Common Stock,NYSE
OFIX,Orthofix Medical Inc.  - Common Stock,NASDAQ
OFLX,"Omega Flex, Inc. - Common Stock",NASDAQ
OFRM,"Once Upon a Farm, PBC Common Stock",NYSE
OGC,OceanaGold Corporation Common Shares,NYSE
OGE,OGE Energy Corp Common Stock,NYSE
OGEN,Oragenics Inc. Common Stock,NYSE American
OGG,Osisko Gold Group Inc. Common Shares,NYSE
OGI,Organigram Global Inc. - Common Shares,NASDAQ
OGN,Organon & Co. Common Stock,NYSE
OGS,"ONE Gas, Inc. Common Stock",NYSE
OHAC,Oceanhawk Acquisition Corp. - Class A Ordinary Shares,NASDAQ
OHI,"Omega Healthcare Investors, Inc. Common Stock",NYSE
OI,"O-I Glass, Inc. Common Stock",NYSE
OIG,Orion180 Insurance Group Inc. - Class A Common Stock,NASDAQ
OII,"Oceaneering International, Inc. Common Stock",NYSE
OIM,OneIM Acquisition Corp. - Class A Ordinary Shares,NASDAQ
OIO,OIO Group - Ordinary Shares,NASDAQ
OIS,"Oil States International, Inc. Common Stock",NYSE
OKE,"ONEOK, Inc. Common Stock",NYSE
OKLO,Oklo Inc. Class A common stock,NYSE
OKTA,"Okta, Inc. - Class A Common Stock",NASDAQ
OKUR,"OnKure Therapeutics, Inc. - Class A Common Stock",NASDAQ
OKYO,OKYO Pharma Limited - Ordinary Shares,NASDAQ
OLB,"The OLB Group, Inc. - Common Stock",NASDAQ
OLED,Universal Display Corporation - Common Stock,NASDAQ
OLLI,"Ollie's Bargain Outlet Holdings, Inc. - Common Stock",NASDAQ
OLMA,"Olema Pharmaceuticals, Inc. - Common Stock",NASDAQ
OLN,Olin Corporation Common Stock,NYSE
OLOX,Olenox Industries Inc. - Common Stock,NASDAQ
OLP,"One Liberty Properties, Inc. Common Stock",NYSE
OM,"Outset Medical, Inc. - Common Stock",NASDAQ
OMAB,Grupo Aeroportuario del Centro Norte S.A.B. de C.V. - American Depositary Shares each representing 8 Series B shares,NASDAQ
OMC,Omnicom Group Inc. Common Stock,NYSE
OMCL,"Omnicell, Inc. - Common Stock",NASDAQ
OMDA,"Omada Health, Inc. - Common Stock",NASDAQ
OMER,Omeros Corporation - Common Stock,NASDAQ
OMEX,"Odyssey Marine Exploration, Inc. - Common Stock",NASDAQ
OMF,"OneMain Holdings, Inc. Common Stock",NYSE
OMH,Ohmyhome Limited - Class A Ordinary Shares,NASDAQ
OMSE,OMS Energy Technologies Inc. - Ordinary Shares,NASDAQ
ON,ON Semiconductor Corporation - Common Stock,NASDAQ
ONB,Old National Bancorp - Common Stock,NASDAQ
ONC,BeOne Medicines Ltd. - American Depositary Shares,NASDAQ
ONCH,1RT Acquisition Corp. - Class A Ordinary Share,NASDAQ
ONCO,"Onconetix, Inc.  - Common Stock",NASDAQ
ONCY,Oncolytics Biotech Inc. - Common Stock,NASDAQ
ONDS,Ondas Inc - Common Stock,NASDAQ
ONEG,OneConstruction Group Limited - Ordinary Shares,NASDAQ
ONEN,ONE Nuclear Energy Inc. - Common Stock,NASDAQ
ONEW,OneWater Marine Inc. - Class A Common Stock,NASDAQ
ONFO,Onfolio Holdings Inc. - Common Stock,NASDAQ
ONIT,Onity Group Inc. Common Stock,NYSE
ONL,Orion Properties Inc. Common Stock,NYSE
ONMD,OneMedNet Corp - Class A Common Stock,NASDAQ
ONON,On Holding AG Class A Ordinary Shares,NYSE
ONT,"Onterris, Inc. Common Stock",NYSE
ONTO,Onto Innovation Inc. Common Stock,NYSE
OOMA,"Ooma, Inc. Common Stock",NYSE
OPAD,Offerpad Solutions Inc.  - Class A Common Stock,NASDAQ
OPAL,OPAL Fuels Inc. - Class A Common Stock,NASDAQ
OPBK,OP Bancorp - Common Stock,NASDAQ
OPCH,"Option Care Health, Inc. - Common Stock",NASDAQ
OPEN,Opendoor Technologies Inc  - Common Stock,NASDAQ
OPFI,OppFi Inc. Class A Common Stock,NYSE
OPHC,"OptimumBank Holdings, Inc. Common Stock",NYSE American
OPK,"Opko Health, Inc. - Common Stock",NASDAQ
OPLN,"OPENLANE, Inc. Common Stock",NYSE
OPRA,Opera Limited - American Depositary Shares,NASDAQ
OPRT,Oportun Financial Corporation - common stock,NASDAQ
OPRX,OptimizeRx Corporation - Common Stock,NASDAQ
OPTH,Optimi Health Corp. - Common Shares,NASDAQ
OPTT,"Ocean Power Technologies, Inc. Common Stock",NYSE American
OPTU,"Optimum Communications, Inc. Class A common stock",NYSE
OPTX,"Syntec Optics Holdings, Inc. - Class A Common Stock",NASDAQ
OPXS,"Optex Systems Holdings, Inc. - Common Stock",NASDAQ
OPY,"Oppenheimer Holdings, Inc. Class A Common Stock (DE)",NYSE
OR,OR Royalties Inc. Common Shares,NYSE
ORA,"Ormat Technologies, Inc. Common Stock",NYSE
ORBS,Eightco Holdings Inc. - Common Stock,NASDAQ
ORC,"Orchid Island Capital, Inc. Common Stock",NYSE
ORCL,Oracle Corporation Common Stock,NYSE
ORGO,Organogenesis Holdings Inc.  - Class A,NASDAQ
ORI,Old Republic International Corporation Common Stock,NYSE
ORIC,"Oric Pharmaceuticals, Inc. - Common Stock",NASDAQ
ORIO,Orion Digital Corp. - Common Shares,NASDAQ
ORIQ,Origin Investment Corp I - Ordinary Shares,NASDAQ
ORKA,"Oruka Therapeutics, Inc. - Common Stock",NASDAQ
ORKT,Orangekloud Technology Inc. - Class A Ordinary Shares,NASDAQ
ORLY,"O'Reilly Automotive, Inc. - Common Stock",NASDAQ
ORMP,Oramed Pharmaceuticals Inc. - Common Stock,NASDAQ
ORN,"Orion Group Holdings, Inc. Common",NYSE
ORRF,"Orrstown Financial Services, Inc. - Common Stock",NASDAQ
OSBC,"Old Second Bancorp, Inc. - Common Stock",NASDAQ
OSCR,"Oscar Health, Inc. Class A Common Stock",NYSE
OSG,"Octave Specialty Group, Inc. Common Stock",NYSE
OSIS,"OSI Systems, Inc. - Common Stock",NASDAQ
OSK,Oshkosh Corporation (Holding Company)Common Stock,NYSE
OSPN,OneSpan Inc. - Common Stock,NASDAQ
OSPR,Osprey Acquisition Corp. III - Class A Ordinary Shares,NASDAQ
OSS,"One Stop Systems, Inc. - Common Stock",NASDAQ
OST,"Ostin Technology Group Co., Ltd. - Class A Ordinary Shares",NASDAQ
OSTX,OS Therapies Incorporated Common Stock,NYSE American
OSUR,"OraSure Technologies, Inc. - Common Stock",NASDAQ
OSW,OneSpaWorld Holdings Limited - Common Shares,NASDAQ
OTAI,Starlink AI Acquisition Corporation Ordinary Shares,NYSE
OTEX,Open Text Corporation - Common Shares,NASDAQ
OTF,Blue Owl Technology Finance Corp. Common Stock,NYSE
OTGA,OTG Acquisition Corp. I - Class A Ordinary Share,NASDAQ
OTIS,Otis Worldwide Corporation Common Stock,NYSE
OTLK,"Outlook Therapeutics, Inc. - Common Stock",NASDAQ
OTLY,Oatly Group AB - American Depositary Shares,NASDAQ
OTTR,Otter Tail Corporation - Common Stock,NASDAQ
OUST,"Ouster, Inc. - Common Stock",NASDAQ
OUT,OUTFRONT Media Inc. Common Stock,NYSE
OVBC,Ohio Valley Banc Corp. - Common Stock,NASDAQ
OVID,Ovid Therapeutics Inc. - Common Stock,NASDAQ
OVLY,Oak Valley Bancorp (CA) - Common Stock,NASDAQ
OVV,Ovintiv Inc. (DE),NYSE
OWL,Blue Owl Capital Inc. Class A Common Stock,NYSE
OWLS,OBOOK Holdings Inc. - Class A Common Shares,NASDAQ
OWLT,"Owlet, Inc. Class A Common Stock",NYSE
OXBR,Oxbridge Re Holdings Limited - Ordinary Shares,NASDAQ
OXM,"Oxford Industries, Inc. Common Stock",NYSE
OXY,Occidental Petroleum Corporation Common Stock,NYSE
OYSE,Oyster Enterprises II Acquisition Corp - Class A Ordinary Shares,NASDAQ
OZK,Bank OZK - Common Stock,NASDAQ
P,"Everpure, Inc. Class A common stock",NYSE
PAAC,Proem Acquisition Corp I - Ordinary Shares,NASDAQ
PAAI,"Paradium.AI, Inc. Common Stock",NYSE American
PAAS,Pan American Silver Corp. Common Stock,NYSE
PAC,"Grupo Aeroportuario Del Pacifico, S.A. B. de C.V. Grupo Aeroportuario Del Pacifico, S.A. de C.V. (each representing 10 Series B shares)",NYSE
PACB,"Pacific Biosciences of California, Inc. - Common Stock",NASDAQ
PACH,Pioneer Acquisition I Corp - Class A Ordinary Shares,NASDAQ
PACK,Ranpak Holdings Corp Class A Common Stock,NYSE
PACS,"PACS Group, Inc. Common Stock",NYSE
PAG,"Penske Automotive Group, Inc. Common Stock",NYSE
PAGP,"Plains GP Holdings, L.P. - Class A Shares representing limited partner interests",NASDAQ
PAGS,PagSeguro Digital Ltd. Class A Common Shares,NYSE
PAHC,Phibro Animal Health Corporation - Class A Common Stock,NASDAQ
PAII,Pyrophyte Acquisition Corp. II Class A Ordinary Shares,NYSE
PAL,"Proficient Auto Logistics, Inc. - Common Stock",NASDAQ
PALI,"Palisade Bio, Inc. - Common Stock",NASDAQ
PALO,Paloma Acquisition Corp I - Class A Ordinary Shares,NASDAQ
PAM,Pampa Energia S.A.,NYSE
PAMT,PAMT CORP - Common Stock,NASDAQ
PANL,Pangaea Logistics Solutions Ltd. - Common Stock,NASDAQ
PANW,"Palo Alto Networks, Inc. - Common Stock",NASDAQ
PAPL,Pineapple Financial Inc. Common Stock,NYSE American
PAR,PAR Technology Corporation Common Stock,NYSE
PARA,"Banzai International, Inc. - Class A Common Stock",NASDAQ
PARK,"Park Dental Partners, Inc. - Common Stock",NASDAQ
PARR,"Par Pacific Holdings, Inc.  Common Stock",NYSE
PASG,"Passage Bio, Inc. - Common Stock",NASDAQ
PASW,"Ping An Biomedical Co., Ltd. - Class A Ordinary Shares",NASDAQ
PATH,"UiPath, Inc. Class A Common Stock",NYSE
PATK,"Patrick Industries, Inc. - Common Stock",NASDAQ
PAVM,PAVmed Inc. - Common Stock,NASDAQ
PAVS,Paranovus Entertainment Technology Ltd. - Class A Ordinary Shares,NASDAQ
PAX,Patria Investments Limited - Class A Common Shares,NASDAQ
PAY,"Paymentus Holdings, Inc. Class A Common Stock",NYSE
PAYC,"Paycom Software, Inc. Common Stock",NYSE
PAYO,Payoneer Global Inc. - Common Stock,NASDAQ
PAYP,PayPay Corporation - American Depository Shares,NASDAQ
PAYS,"Paysign, Inc. - Common Stock",NASDAQ
PAYX,"Paychex, Inc. - Common Stock",NASDAQ
PB,"Prosperity Bancshares, Inc. Common Stock",NYSE
PBA,Pembina Pipeline Corp. Ordinary Shares (Canada),NYSE
PBAM,"Private Bancorp of America, Inc. - Common Stock",NASDAQ
PBF,PBF Energy Inc. Class A Common Stock,NYSE
PBFS,"Pioneer Bancorp, Inc. - Common Stock",NASDAQ
PBH,Prestige Consumer Healthcare Inc. Common Stock,NYSE
PBHC,"Pathfinder Bancorp, Inc. - Common Stock",NASDAQ
PBI,Pitney Bowes Inc. Common Stock,NYSE
PBK,PowerBank Corporation - Common Stock,NASDAQ
PBLS,"Parabilis Medicines, Inc. - Common Stock",NASDAQ
PBM,Psyence Biomedical Ltd. - Common Shares,NASDAQ
PBR,Petroleo Brasileiro S.A. Petrobras ADS,NYSE
PBYI,Puma Biotechnology Inc - Common Stock,NASDAQ
PC,Premium Catering (Holdings) Limited - Ordinary Shares,NASDAQ
PCAP,ProCap Acquisition Corp - Class A Ordinary Shares,NASDAQ
PCAR,PACCAR Inc. - Common Stock,NASDAQ
PCB,PCB Bancorp - Common Stock,NASDAQ
PCG,Pacific Gas & Electric Co. Common Stock,NYSE
PCLA,PicoCELA Inc. - American Depositary Shares,NASDAQ
PCOR,"Procore Technologies, Inc. Common Stock",NYSE
PCRX,"Pacira BioSciences, Inc. - Common Stock",NASDAQ
PCSA,"Processa Pharmaceuticals, Inc. - Common Stock",NASDAQ
PCT,"PureCycle Technologies, Inc. - Common stock",NASDAQ
PCTY,Paylocity Holding Corporation - Common Stock,NASDAQ
PCVX,"Vaxcyte, Inc. - Common Stock",NASDAQ
PCYO,Pure Cycle Corporation - Common Stock,NASDAQ
PD,"PagerDuty, Inc. Common Stock",NYSE
PDC,Perpetuals.com Ltd - American Depositary Shares,NASDAQ
PDCC,Pearl Diver Credit Company Inc. Common Stock,NYSE
PDD,PDD Holdings Inc. - American Depositary Shares,NASDAQ
PDEX,"Pro-Dex, Inc. - Common Stock",NASDAQ
PDFS,"PDF Solutions, Inc. - Common Stock",NASDAQ
PDLB,"Ponce Financial Group, Inc. - Common Stock",NASDAQ
PDM,"Piedmont Realty Trust, Inc. Class A Common Stock",NYSE
PDS,Precision Drilling Corporation Common Stock,NYSE
PDSB,PDS Biotechnology Corporation - Common Stock,NASDAQ
PDYN,Palladyne AI Corp. - Common stock,NASDAQ
PEB,Pebblebrook Hotel Trust Common Shares of Beneficial Interest,NYSE
PEBK,"Peoples Bancorp of North Carolina, Inc. - Common Stock",NASDAQ
PEBO,Peoples Bancorp Inc. - Common Stock,NASDAQ
PECE,Peace Acquisition Corp - Ordinary Shares,NASDAQ
PECO,"Phillips Edison & Company, Inc. - Common Stock",NASDAQ
PED,Pedevco Corp. Common Stock,NYSE American
PEG,Public Service Enterprise Group Incorporated Common Stock,NYSE
PEGA,Pegasystems Inc. - Common Stock,NASDAQ
PEN,"Penumbra, Inc. Common Stock",NYSE
PENG,"Penguin Solutions, Inc. - Common Stock",NASDAQ
PENN,"PENN Entertainment, Inc. - Common Stock",NASDAQ
PEP,"PepsiCo, Inc. - Common Stock",NASDAQ
PEPG,PepGen Inc. - Common Stock,NASDAQ
PERF,Perfect Corp. Class A Ordinary Share,NYSE
PERI,Perion Network Ltd - Ordinary Shares,NASDAQ
PESI,"Perma-Fix Environmental Services, Inc. - Common Stock",NASDAQ
PETS,"PetMed Express, Inc. - Common Stock",NASDAQ
PETZ,"TDH Holdings, Inc. - Common Shares",NASDAQ
PEW,GrabAGun Digital Holdings Inc. Common Stock,NYSE
PFAI,Pinnacle Food Group Limited - Class A Common Shares,NASDAQ
PFE,"Pfizer, Inc. Common Stock",NYSE
PFG,Principal Financial Group Inc - Common Stock,NASDAQ
PFGC,Performance Food Group Company Common Stock,NYSE
PFIS,Peoples Financial Services Corp.  - Common Stock,NASDAQ
PFS,"Provident Financial Services, Inc Common Stock",NYSE
PFSA,"Profusa, Inc. - Common Stock",NASDAQ
PFSI,"PennyMac Financial Services, Inc. Common Stock",NYSE
PFX,PhenixFIN Corporation  - Common Stock,NASDAQ
PG,Procter & Gamble Company (The) Common Stock,NYSE
PGAC,Pantages Capital Acquisition Corporation - Class A Ordinary Shares,NASDAQ
PGC,Peapack-Gladstone Financial Corporation - Common Stock,NASDAQ
PGEN,"Precigen, Inc. - Common Stock",NASDAQ
PGNY,"Progyny, Inc. - Common Stock",NASDAQ
PGR,Progressive Corporation (The) Common Stock,NYSE
PGY,Pagaya Technologies Ltd. - Class A Ordinary Shares,NASDAQ
PH,Parker-Hannifin Corporation Common Stock,NYSE
PHAR,"Pharming Group N.V. - ADS, each representing 10 ordinary shares",NASDAQ
PHAT,"Phathom Pharmaceuticals, Inc. - Common Stock",NASDAQ
PHG,Koninklijke Philips N.V. NY Registry Shares,NYSE
PHI,PLDT Inc. Sponsored ADR,NYSE
PHIN,PHINIA Inc. Common Stock,NYSE
PHIO,Phio Pharmaceuticals Corp. - Common Stock,NASDAQ
PHM,"PulteGroup, Inc. Common Stock",NYSE
PHOE,Phoenix Asia Holdings Limited - Ordinary Shares,NASDAQ
PHOS,First Phosphate Corp. - American Depositary Shares,NASDAQ
PHR,"Phreesia, Inc. Common Stock",NYSE
PHUN,"Phunware, Inc. - Common Stock",NASDAQ
PHVS,Pharvaris N.V. - Ordinary Shares,NASDAQ
PI,"Impinj, Inc. - Common Stock",NASDAQ
PICS,PicS N.V. - Class A Common Shares,NASDAQ
PII,Polaris Inc. Common Stock,NYSE
PIII,P3 Health Partners Inc. - Class A Common Stock,NASDAQ
PINE,"Alpine Income Property Trust, Inc. Common Stock",NYSE
PINS,"Pinterest, Inc. Class A Common Stock",NYSE
PIPR,Piper Sandler Companies Common Stock,NYSE
PJT,PJT Partners Inc. Class A Common Stock,NYSE
PK,Park Hotels & Resorts Inc. Common Stock,NYSE
PKBK,"Parke Bancorp, Inc. - Common Stock",NASDAQ
PKE,Park Aerospace Corp. Common Stock,NYSE
PKG,Packaging Corporation of America Common Stock,NYSE
PKOH,Park-Ohio Holdings Corp. - Common Stock,NASDAQ
PKX,POSCO HOLDINGS INC. American Depositary Shares (Each representing 1/4th of a share of Common Stock),NYSE
PL,Planet Labs PBC Class A Common Stock,NYSE
PLAB,"Photronics, Inc. - Common Stock",NASDAQ
PLAG,Planet Green Holdings Corp. Common Stock,NYSE American
PLAY,"Dave & Buster's Entertainment, Inc. - Common Stock",NASDAQ
PLBC,Plumas Bancorp - Common Stock,NASDAQ
PLBL,Polibeli Group Ltd - Class A Ordinary Shares,NASDAQ
PLBY,"Playboy, Inc. - Common Stock",NASDAQ
PLCE,"Children's Place, Inc. (The) - Common Stock",NASDAQ
PLCI,Pelican Acquisition II Corporation - Ordinary Shares,NASDAQ
PLD,"Prologis, Inc. Common Stock",NYSE
PLG,Platinum Group Metals Ltd. Ordinary Shares (Canada),NYSE American
PLGO,Pelagos Insurance Capital Limited Common Shares,NYSE
PLMK,Plum Acquisition Corp. IV - Class A Ordinary Shares,NASDAQ
PLMR,"Palomar Holdings, Inc. - Common stock",NASDAQ
PLNT,"Planet Fitness, Inc. Common Stock",NYSE
PLOW,"Douglas Dynamics, Inc. Common Stock",NYSE
PLPC,Preformed Line Products Company - Common Stock,NASDAQ
PLRX,"Pliant Therapeutics, Inc. - Common Stock",NASDAQ
PLRZ,Polyrizon Ltd. - Ordinary Shares,NASDAQ
PLSE,"Pulse Biosciences, Inc - Common Stock",NASDAQ
PLSM,Pulsenmore Ltd. - Ordinary Shares,NASDAQ
PLTK,Playtika Holding Corp. - Common Stock,NASDAQ
PLTR,Palantir Technologies Inc. - Class A Common Stock,NASDAQ
PLUG,"Plug Power, Inc. - Common Stock",NASDAQ
PLUN,Plutonian Acquisition Corp II Class A Ordinary Shares,NYSE
PLUR,Pluri Inc. - Common Stock,NASDAQ
PLUS,ePlus inc. - Common Stock,NASDAQ
PLUT,Plutus Financial Group Limited - Ordinary Shares,NASDAQ
PLX,"Protalix BioTherapeutics, Inc. (DE) Common Stock",NYSE American
PLXS,Plexus Corp. - Common Stock,NASDAQ
PLYX,"Polaryx Therapeutics, Inc. - Common Stock",NASDAQ
PM,Philip Morris International Inc Common Stock,NYSE
PMA,PMA Graphene Technology Group Inc. - Class A Ordinary Shares,NASDAQ
PMAX,Powell Max Limited - Class A Ordinary Shares,NASDAQ
PMCB,"PharmaCyte  Biotech, Inc. - Common Stock",NASDAQ
PMEC,Primech Holdings Ltd. - Ordinary Shares,NASDAQ
PMI,"Picard Medical, Inc. Common Stock",NYSE American
PMN,ProMIS Neurosciences Inc. - Common Shares,NASDAQ
PMT,PennyMac Mortgage Investment Trust Common Shares of Beneficial Interest,NYSE
PMTR,Perimeter Acquisition Corp. I - Class A Ordinary Shares,NASDAQ
PMTS,CPI Card Group Inc. - Common Stock,NASDAQ
PMVP,"PMV Pharmaceuticals, Inc. - Common Stock",NASDAQ
PN,PN Smart Energy Limited - Class A Ordinary Shares,NASDAQ
PNAQ,Pinnacle Acquisition Corporation Class A Ordinary Shares,NYSE
PNBK,Patriot National Bancorp Inc. - Common Stock,NASDAQ
PNC,"PNC Financial Services Group, Inc. (The) Common Stock",NYSE
PNFP,"Pinnacle Financial Partners, Inc. Common stock",NYSE
PNNT,PennantPark Investment Corporation Common Stock,NYSE
PNR,Pentair plc. Ordinary Share,NYSE
PNRG,PrimeEnergy Resources Corporation - Common Stock,NASDAQ
PNTG,"The Pennant Group, Inc. - Common Stock",NASDAQ
PNW,Pinnacle West Capital Corporation Common Stock,NYSE
POAS,Phaos Technology Holdings (Cayman) Limited Class A Ordinary Shares,NYSE American
POCI,"Precision Optics Corporation, Inc. - Common stock",NASDAQ
PODC,"PodcastOne, Inc. - Common Stock",NASDAQ
PODD,Insulet Corporation - Common Stock,NASDAQ
POET,POET Technologies Inc. - Common Shares,NASDAQ
POLA,"Polar Power, Inc. - Common Stock",NASDAQ
POLE,Andretti Acquisition Corp. II - Class A Ordinary Shares,NASDAQ
POM,POMDOCTOR LIMITED - American Depositary Shares,NASDAQ
PONO,"Pono Capital Four, Inc. - Class A Ordinary Shares",NASDAQ
PONY,Pony AI Inc. - American Depositary Shares,NASDAQ
POOL,Pool Corporation - Common Stock,NASDAQ
POR,Portland General Electric Co Common Stock,NYSE
POST,"Post Holdings, Inc. Common Stock",NYSE
POWI,"Power Integrations, Inc. - Common Stock",NASDAQ
POWL,"Powell Industries, Inc. - Common Stock",NASDAQ
POWW,Outdoor Holding Company - Common Stock,NASDAQ
PPBT,Purple Biotech Ltd. - American Depositary Shares,NASDAQ
PPC,Pilgrim's Pride Corporation - Common Stock,NASDAQ
PPCB,"Propanc Biopharma, Inc. - Common Stock",NASDAQ
PPG,"PPG Industries, Inc. Common Stock",NYSE
PPHC,"Public Policy Holding Company, Inc. - Common Stock",NASDAQ
PPIH,"Perma-Pipe International Holdings, Inc. - Common Stock",NASDAQ
PPL,PPL Corporation Common Stock,NYSE
PPLI,People Incorporated - Common Stock,NASDAQ
PPSI,"Pioneer Power Solutions, Inc. - Common Stock",NASDAQ
PPTA,Perpetua Resources Corp. - Common Shares,NASDAQ
PR,Permian Resources Corporation Class A Common Stock,NYSE
PRAA,"PRA Group, Inc. - Common Stock",NASDAQ
PRAX,"Praxis Precision Medicines, Inc. - Common Stock",NASDAQ
PRCH,"Porch Group, Inc. - Common Stock",NASDAQ
PRCT,PROCEPT BioRobotics Corporation - Common Stock,NASDAQ
PRDO,Perdoceo Education Corporation - Common Stock,NASDAQ
PRE,Prenetics Global Limited - Class A Ordinary Share,NASDAQ
PRFX,PRF Technologies Ltd. - Ordinary Shares,NASDAQ
PRG,"PROG Holdings, Inc. Common Stock",NYSE
PRGO,Perrigo Company plc Ordinary Shares,NYSE
PRGS,Progress Software Corporation - Common Stock,NASDAQ
PRHI,"Presurance Holdings, Inc. - Common Stock",NASDAQ
PRI,"Primerica, Inc. Common Stock",NYSE
PRIM,Primoris Services Corporation Common Stock,NYSE
PRK,Park National Corporation Common Stock,NYSE American
PRKS,United Parks & Resorts Inc. Common Stock,NYSE
PRLB,"Proto Labs, Inc. Common stock",NYSE
PRLD,Prelude Therapeutics Incorporated - Common Stock,NASDAQ
PRM,"Perimeter Solutions, SA Common Stock",NYSE
PRMB,Primo Brands Corporation Class A Common Stock,NYSE
PRME,"Prime Medicine, Inc. - Common Stock",NASDAQ
PROF,Profound Medical Corp. - common stock,NASDAQ
PROK,ProKidney Corp. - Class A Ordinary Shares,NASDAQ
PROP,Prairie Operating Co. - Common Stock,NASDAQ
PROV,"Provident Financial Holdings, Inc. - Common Stock",NASDAQ
PRPL,"Purple Innovation, Inc. - Common Stock",NASDAQ
PRPO,"Precipio, Inc. - Common Stock",NASDAQ
PRQR,ProQR Therapeutics N.V. - Ordinary Shares,NASDAQ
PRSO,Peraso Inc. - Common Stock,NASDAQ
PRSU,"Pursuit Attractions and Hospitality, Inc. Common Stock",NYSE
PRTA,Prothena Corporation plc - Ordinary Shares,NASDAQ
PRTH,"Priority Technology Holdings, Inc. - Common Stock",NASDAQ
PRTS,"CarParts.com, Inc. - Common Stock",NASDAQ
PRU,"Prudential Financial, Inc. Common Stock",NYSE
PRVA,"Privia Health Group, Inc. - Common Stock",NASDAQ
PRZO,ParaZero Technologies Ltd. - Ordinary Shares,NASDAQ
PS,Pershing Square Inc. Common Stock,NYSE
PSA,Public Storage Common Stock,NYSE
PSBD,Palmer Square Capital BDC Inc. Common Stock,NYSE
PSFE,Paysafe Limited Common Shares,NYSE
PSHG,Performance Shipping Inc. - Common Shares,NASDAQ
PSIG,PS International Group Ltd. - Ordinary Shares,NASDAQ
PSIX,"Power Solutions International, Inc. - Common Stock",NASDAQ
PSKY,Paramount Skydance Corporation - Class B Common Stock,NASDAQ
PSMT,"PriceSmart, Inc. - Common Stock",NASDAQ
PSN,Parsons Corporation Common Stock,NYSE
PSNL,"Personalis, Inc. - Common Stock",NASDAQ
PSNY,Polestar Automotive Holding UK Limited - Class A ADS,NASDAQ
PSNYW,Polestar Automotive Holding UK Limited - Class C-1 ADS (ADW),NASDAQ
PSO,"Pearson, Plc Common Stock",NYSE
PSQH,"PSQ Holdings, Inc. Class A Common Stock",NYSE
PSQL,Pasqal Holding SA - Ordinary Shares,NASDAQ
PSTL,"Postal Realty Trust, Inc. Class A Common Stock",NYSE
PSUS,"Pershing Square USA, Ltd. Common Shares",NYSE
PSX,Phillips 66 Common Stock,NYSE
PTAC,Patriot Acquisition Corp. - Class A Ordinary Shares,NASDAQ
PTC,PTC Inc. - Common Stock,NASDAQ
PTCT,"PTC Therapeutics, Inc. - Common Stock",NASDAQ
PTEN,"Patterson-UTI Energy, Inc. - Common Stock",NASDAQ
PTGX,"Protagonist Therapeutics, Inc. - Common Stock",NASDAQ
PTHS,Pelthos Therapeutics Inc. Common Stock,NYSE American
PTLE,PTL LTD - Class A Ordinary Shares,NASDAQ
PTLO,Portillo's Inc. - Class A Common Stock,NASDAQ
PTN,"Palatin Technologies, Inc. - Common Stock",NASDAQ
PTON,"Peloton Interactive, Inc. - Common Stock",NASDAQ
PTOR,Praetorian Acquisition Corp. - Class A Ordinary Shares,NASDAQ
PTRN,Pattern Group Inc. - Series A Common Stock,NASDAQ
PUBM,"PubMatic, Inc. - Class A Common Stock",NASDAQ
PUK,Prudential Public Limited Company Common Stock,NYSE
PULM,"Pulmatrix, Inc. - Common Stock",NASDAQ
PUMP,ProPetro Holding Corp. Common Stock,NYSE
PURR,Hyperliquid Strategies Inc - Common Stock,NASDAQ
PUSA,Aureus Greenway Holdings Inc. - Common Stock,NASDAQ
PVH,PVH Corp. Common Stock,NYSE
PVLA,"Palvella Therapeutics, Inc. - Common Stock",NASDAQ
PW,Power REIT (MD) Common Stock,NYSE American
PWCM,"PowerCompute, Inc. - Common Stock",NASDAQ
PWP,Perella Weinberg Partners - Class A Common Stock,NASDAQ
PWR,"Quanta Services, Inc. Common Stock",NYSE
PWRL,Powerlaw Corp. - Common Stock,NASDAQ
PXED,"Phoenix Education Partners, Inc. Common Stock",NYSE
PXLW,"Pixelworks, Inc. - Common Stock",NASDAQ
PXS,Pyxis Tankers Inc. - Common Stock,NASDAQ
PYPD,PolyPid Ltd. - Ordinary Shares,NASDAQ
PYPL,"PayPal Holdings, Inc. - Common Stock",NASDAQ
PYT,PPlus Tr GSC-2 Tr Ctf Fltg Rate,NYSE
PYXS,"Pyxis Oncology, Inc. - Common Stock",NASDAQ
PZG,Paramount Gold Nevada Corp. Common Stock,NYSE American
PZZA,"Papa John's International, Inc. - Common Stock",NASDAQ
Q,"Qnity Electronics, Inc. Common Stock",NYSE
QADR,QDRO Acquisition Corp. - Class A Ordinary Shares,NASDAQ
QBTS,D-Wave Quantum Inc. - Common Stock,NASDAQ
QCLS,"Q/C Technologies, Inc. - Common Stock",NASDAQ
QCOM,QUALCOMM Incorporated - Common Stock,NASDAQ
QCRH,"QCR Holdings, Inc. - Common Stock",NASDAQ
QDEL,QuidelOrtho Corporation - Common Stock,NASDAQ
QETA,Quetta Acquisition Corporation - Common Stock,NASDAQ
QFIN,"Qfin Holdings, Inc.  - American Depositary Shares",NASDAQ
QGEN,Qiagen N.V. Common Shares,NYSE
QH,Quhuo Limited - Class A Ordinary Shares,NASDAQ
QLEP,Quantum Leap Acquisition Corp Class A Ordinary Shares,NYSE
QLYS,"Qualys, Inc. - Common Stock",NASDAQ
QMCO,Quantum Corporation - Common Stock,NASDAQ
QMLS,"QumulusAI, Inc. - Common Stock",NASDAQ
QNBC,QNB Corp. - Common Stock,NASDAQ
QNC,Quantum eMotion Corp. Common Shares,NYSE American
QNCX,"Quince Therapeutics, Inc. - Common Stock",NASDAQ
QNME,"Quanome Technologies, Inc. - Common Stock",NASDAQ
QNRX,"Quoin Pharmaceuticals, Ltd. - American Depositary Shares",NASDAQ
QNST,"QuinStreet, Inc. - Common Stock",NASDAQ
QNT,Quantinuum Inc. - Class A Common Stock,NASDAQ
QNTM,Quantum Biopharma Ltd. - Class B Subordinate Voting Shares,NASDAQ
QRED,QuasarEdge Acquisition Corporation Ordinary Shares,NYSE
QRHC,Quest Resource Holding Corporation - Common Stock,NASDAQ
QRVO,"Qorvo, Inc. - Common Stock",NASDAQ
QS,QuantumScape Corporation - Common Stock,NASDAQ
QSEA,Quartzsea Acquisition Corporation - Ordinary Shares,NASDAQ
QSI,Quantum-Si Incorporated - Class A Common Stock,NASDAQ
QSR,Restaurant Brands International Inc. Common Shares,NYSE
QTEX,QTREX Quantum Ltd. - Ordinary Shares,NASDAQ
QTI,"QT Imaging Holdings, Inc. - Common Stock",NASDAQ
QTRX,Quanterix Corporation - Common Stock,NASDAQ
QTTB,Q32 Bio Inc. - Common Stock,NASDAQ
QTWO,"Q2 Holdings, Inc. Common Stock",NYSE
QUAD,"Quad Graphics, Inc Class A Common Stock",NYSE
QUBT,Quantum Computing Inc. - Common Stock,NASDAQ
QUCY,Quantum Cyber N.V. - Ordinary Shares,NASDAQ
QUIK,QuickLogic Corporation - Common Stock,NASDAQ
QUMS,Quantumsphere Acquisition Corp. - Ordinary Shares,NASDAQ
QURE,uniQure N.V. - Ordinary Shares,NASDAQ
QVCG,"QVC Group, Inc. - Common Stock",NASDAQ
QXL,Quantum X Labs Inc. - Common Stock,NASDAQ
QXO,"QXO, Inc. Common Stock",NYSE
R,"Ryder System, Inc. Common Stock",NYSE
RAC,Rithm Acquisition Corp. Class A Ordinary Shares,NYSE
RACC,Research Alliance Corporation III - Class A Ordinary Shares,NASDAQ
RACD,Research Alliance Corporation IV - Class A Ordinary Shares,NASDAQ
RACE,Ferrari N.V. Common Shares,NYSE
RADX,Radiopharm Theranostics Limited - American Depositary Shares,NASDAQ
RAIL,"Freightcar America, Inc. - Common Stock",NASDAQ
RAIN,"Rain Enhancement Technologies Holdco, Inc. - Class A Common Stock",NASDAQ
RAL,Ralliant Corporation Common Stock,NYSE
RAMP,"LiveRamp Holdings, Inc. Common Stock",NYSE
RANG,Range Capital Acquisition Corp. - Ordinary Shares,NASDAQ
RANI,"Rani Therapeutics Holdings, Inc. - Class A Common Stock",NASDAQ
RAPP,"Rapport Therapeutics, Inc. - Common Stock",NASDAQ
RARE,Ultragenyx Pharmaceutical Inc. - Common Stock,NASDAQ
RAVE,"Rave Restaurant Group, Inc. - Common Stock",NASDAQ
RAYA,Erayak Power Solution Group Inc. - Class A Ordinary Shares,NASDAQ
RBA,"RB Global, Inc. Common Stock",NYSE
RBB,RBB Bancorp - Common Stock,NASDAQ
RBBN,Ribbon Communications Inc.  - Common Stock,NASDAQ
RBC,RBC Bearings Incorporated Common Stock,NYSE
RBCAA,"Republic Bancorp, Inc. - Class A Common Stock",NASDAQ
RBKB,"Rhinebeck Bancorp, Inc. - Common Stock",NASDAQ
RBLX,Roblox Corporation Class A Common Stock,NYSE
RBNE,Robin Energy Ltd. - Common Stock,NASDAQ
RBRK,"Rubrik, Inc. Class A Common Stock",NYSE
RC,Ready Capital Corporation Common Stock,NYSE
RCAT,"Red Cat Holdings, Inc. - Common Stock",NASDAQ
RCBC,River City Bank - Common stock,NASDAQ
RCEL,"Avita Medical, Inc. - Common Stock",NASDAQ
RCI,"Rogers Communication, Inc. Common Stock",NYSE
RCKT,"Rocket Pharmaceuticals, Inc. - Common Stock",NASDAQ
RCKY,"Rocky Brands, Inc. - Common Stock",NASDAQ
RCL,Royal Caribbean Cruises Ltd. Common Stock,NYSE
RCMT,"RCM Technologies, Inc. - Common Stock",NASDAQ
RCON,"Recon Technology, Ltd. - Class A Ordinary Shares",NASDAQ
RCT,RedCloud Holdings plc - Ordinary Shares,NASDAQ
RCUS,"Arcus Biosciences, Inc. Common Stock",NYSE
RDAC,Rising Dragon Acquisition Corp. - Ordinary Shares,NASDAQ
RDAG,Republic Digital Acquisition Company - Class A Ordinary Shares,NASDAQ
RDCM,Radcom Ltd. - Ordinary Shares,NASDAQ
RDDT,"Reddit, Inc. Class A Common Stock",NYSE
RDGT,"Ridgetech, Inc. - Ordinary Shares",NASDAQ
RDHL,Redhill Biopharma Ltd. - American Depositary Shares,NASDAQ
RDI,Reading International Inc - Class A Non-voting Common Stock,NASDAQ
RDIB,Reading International Inc - Class B Voting Common Stock,NASDAQ
RDN,Radian Group Inc. Common Stock,NYSE
RDNT,"RadNet, Inc. - Common Stock",NASDAQ
RDNW,"RideNow Group, Inc. - Class B Common Stock",NASDAQ
RDVT,"Red Violet, Inc. - Common Stock",NASDAQ
RDW,Redwire Corporation Common Stock,NYSE
RDWR,Radware Ltd. - Ordinary Shares,NASDAQ
RDY,Dr. Reddy's Laboratories Ltd Common Stock,NYSE
RDZN,"Roadzen, Inc. - Ordinary Shares",NASDAQ
REA,"Rare Earths Americas, Inc. Common Stock",NYSE American
REAL,"The RealReal, Inc. - Common Stock",NASDAQ
REAX,Real REMAX Group Inc. - Common Stock,NASDAQ
REBN,"Reborn Coffee, Inc. - Common Stock",NASDAQ
RECT,Rectitude Holdings Ltd - Ordinary Shares,NASDAQ
REED,"Reed's, Inc. Common Stock",NYSE American
REF,Reformation Inc. Common Stock,NYSE
REFI,"Chicago Atlantic Real Estate Finance, Inc. - Common Stock",NASDAQ
REFR,Research Frontiers Incorporated - Common Stock,NASDAQ
REG,Regency Centers Corporation - Common Stock,NASDAQ
REGN,"Regeneron Pharmaceuticals, Inc. - Common Stock",NASDAQ
REI,"Ring Energy, Inc. Common Stock",NYSE American
REKR,"Rekor Systems, Inc. - Common Stock",NASDAQ
RELL,"Richardson Electronics, Ltd. - Common Stock",NASDAQ
RELX,RELX PLC PLC American Depositary Shares (Each representing One Ordinary Share),NYSE
RELY,"Remitly Global, Inc. - Common stock",NASDAQ
RENT,"Rent the Runway, Inc. - Class A Common Stock",NASDAQ
RENX,RenX Enterprises Corp. - Common Stock,NASDAQ
REPL,"Replimune Group, Inc. - Common Stock",NASDAQ
REPX,"Riley Exploration Permian, Inc. Common Stock",NYSE American
RERE,ATRenew Inc. American Depositary Shares (every three of which representing two Class A ordinary shares),NYSE
RES,"RPC, Inc. Common Stock",NYSE
RETO,"ReTo Eco-Solutions, Inc. - Class A Shares",NASDAQ
REVB,"Revelation Biosciences, Inc. - Common Stock",NASDAQ
REX,REX American Resources Corporation,NYSE
REXR,"Rexford Industrial Realty, Inc. Common Stock",NYSE
REYN,Reynolds Consumer Products Inc. - Common Stock,NASDAQ
REZI,"Resideo Technologies, Inc. Common Stock",NYSE
RF,Regions Financial Corporation Common Stock,NYSE
RFAI,RF Acquisition Corp II - Ordinary Shares,NASDAQ
RFAM,RF Acquisition Corp III - Ordinary Shares,NASDAQ
RFIL,"RF Industries, Ltd. - Common Stock",NASDAQ
RFL,"Rafael Holdings, Inc. Class B Common Stock",NYSE
RGA,"Reinsurance Group of America, Incorporated Common Stock",NYSE
RGC,Regencell Bioscience Holdings Limited - Ordinary Shares,NASDAQ
RGCO,RGC Resources Inc. - Common Stock,NASDAQ
RGEN,Repligen Corporation - Common Stock,NASDAQ
RGLD,"Royal Gold, Inc. - Common Stock",NASDAQ
RGNT,Regentis Biomaterials Ltd. Ordinary Shares,NYSE American
RGNX,REGENXBIO Inc. - Common Stock,NASDAQ
RGP,"Resources Connection, Inc. - Common Stock",NASDAQ
RGR,"Sturm, Ruger & Company, Inc. Common Stock",NYSE
RGS,Regis Corporation - Common Stock,NASDAQ
RGT,"Royce Global Trust, Inc. Common Stock",NYSE
RGTI,"Rigetti Computing, Inc.  - Common stock",NASDAQ
RH,RH Common Stock,NYSE
RHI,Robert Half Inc. Common Stock,NYSE
RHLD,Resolute Holdings Management Common Stock,NYSE
RHP,"Ryman Hospitality Properties, Inc. (REIT)",NYSE
RIBB,Ribbon Acquisition Corp - Class A Ordinary Shares,NASDAQ
RICK,"RCI Hospitality Holdings, Inc. - Common Stock",NASDAQ
RIG,Transocean Ltd (Switzerland) Common Stock,NYSE
RIGL,"Rigel Pharmaceuticals, Inc. - Common Stock",NASDAQ
RILY,"BRC Group Holdings, Inc. - Common Stock",NASDAQ
RIME,"Algorhythm Holdings, Inc. - Common Stock",NASDAQ
RIO,Rio Tinto Plc Common Stock,NYSE
RIOT,"Riot Platforms, Inc. - Common Stock",NASDAQ
RITM,Rithm Capital Corp. Common Stock,NYSE
RIVN,"Rivian Automotive, Inc. - Class A Common Stock",NASDAQ
RJET,Republic Airways Holdings Inc. - Common Stock,NASDAQ
RJF,"Raymond James Financial, Inc. Common Stock",NYSE
RKDA,"Arcadia Biosciences, Inc. - Common Stock",NASDAQ
RKLB,Rocket Lab Corporation - Common Stock,NASDAQ
RKT,"Rocket Companies, Inc. Class A Common Stock",NYSE
RKTO,Rocket One Inc. - Common Stock,NASDAQ
RL,Ralph Lauren Corporation Common Stock,NYSE
RLAY,"Relay Therapeutics, Inc. - Common Stock",NASDAQ
RLGT,"Radiant Logistics, Inc. Common Stock",NYSE American
RLI,RLI Corp. Common Stock (DE),NYSE
RLJ,RLJ Lodging Trust Common Shares of Beneficial Interest $0.01 par value,NYSE
RLMD,"Relmada Therapeutics, Inc. - Common Stock",NASDAQ
RLYB,Rallybio Corporation - Common Stock,NASDAQ
RM,Regional Management Corp. Common Stock,NYSE
RMBI,"Richmond Mutual Bancorporation, Inc. - Common Stock",NASDAQ
RMBS,"Rambus, Inc. - Common Stock",NASDAQ
RMCF,"Rocky Mountain Chocolate Factory, Inc. - Common Stock",NASDAQ
RMCO,Royalty Management Holding Corporation - Class A Common Stock,NASDAQ
RMD,ResMed Inc. Common Stock,NYSE
RMIX,"Suncrete, Inc. - Class A Common Stock",NASDAQ
RML,Resolution Minerals Ltd - American Depositary Shares,NASDAQ
RMNI,"Rimini Street, Inc. - Common Stock",NASDAQ
RMR,The RMR Group Inc. - Class A Common Stock,NASDAQ
RMSG,Real Messenger Corporation - Ordinary Shares,NASDAQ
RMT,"Royce Micro-Cap Trust, Inc. Common Stock",NYSE
RMTI,"Rockwell Medical, Inc. - Common Stock",NASDAQ
RNA,"Atrium Therapeutics, Inc. - Common Stock",NASDAQ
RNAC,"Cartesian Therapeutics, Inc. - Common Stock",NASDAQ
RNAQ,Rainier Acquisition Corporation - Class A Ordinary Shares,NASDAQ
RNAZ,"TransCode Therapeutics, Inc. - Common Stock",NASDAQ
RNG,"RingCentral, Inc. Class A Common Stock",NYSE
RNGR,"Ranger Energy Services, Inc. Class A Common Stock",NYSE
RNGT,Range Capital Acquisition Corp II - Class A Ordinary Shares,NASDAQ
RNR,RenaissanceRe Holdings Ltd. Common Stock,NYSE
RNST,Renasant Corporation Common Stock,NYSE
RNTX,"Rein Therapeutics, Inc. - Common Stock",NASDAQ
RNW,ReNew Energy Global plc - Class A Shares,NASDAQ
RNXT,"RenovoRx, Inc. - Common Stock",NASDAQ
ROAD,"Construction Partners, Inc. - Common Stock",NASDAQ
ROC,Rank One Computing Corporation - Common stock,NASDAQ
ROCK,"Gibraltar Industries, Inc. - Common Stock",NASDAQ
ROG,Rogers Corporation Common Stock,NYSE
ROIV,Roivant Sciences Ltd. - Common Shares,NASDAQ
ROK,"Rockwell Automation, Inc. Common Stock",NYSE
ROKU,"Roku, Inc. - Class A Common Stock",NASDAQ
ROL,"Rollins, Inc. Common Stock",NYSE
ROLR,"High Roller Technologies, Inc. Common Stock",NYSE American
ROMA,Roma Green Finance Limited - Class A Ordinary Shares,NASDAQ
ROOT,"Root, Inc. - Common Stock",NASDAQ
ROP,"Roper Technologies, Inc. - Common Stock",NASDAQ
ROST,"Ross Stores, Inc. - Common Stock",NASDAQ
RPAY,Repay Holdings Corporation - Class A Common Stock,NASDAQ
RPC,"Ridgepost Capital, Inc. Class A Common Stock",NYSE
RPD,"Rapid7, Inc. - Common Stock",NASDAQ
RPGL,Republic Power Group Limited - Class A Ordinary Shares,NASDAQ
RPID,"Rapid Micro Biosystems, Inc. - Class A Common Stock",NASDAQ
RPM,RPM International Inc. Common Stock,NYSE
RPRX,Royalty Pharma plc - Class A Ordinary Shares,NASDAQ
RPT,Rithm Property Trust Inc. Common stock,NYSE
RR,Richtech Robotics Inc. - Class B Common Stock,NASDAQ
RRBI,"Red River Bancshares, Inc. - Common Stock",NASDAQ
RRC,Range Resources Corporation Common Stock,NYSE
RREV,RRE Ventures Acquisition Corp. - Class A Ordinary Shares,NASDAQ
RRGB,"Red Robin Gourmet Burgers, Inc. - Common Stock",NASDAQ
RRR,"Red Rock Resorts, Inc. - Class A Common Stock",NASDAQ
RRX,Regal Rexnord Corporation Common Stock,NYSE
RS,"Reliance, Inc. Common Stock",NYSE
RSG,"Republic Services, Inc. Common Stock",NYSE
RSI,"Rush Street Interactive, Inc. Class A Common Stock",NYSE
RSKD,Riskified Ltd. Class A Ordinary Shares,NYSE
RSSS,"Research Solutions, Inc - Common Stock",NASDAQ
RSVR,"Reservoir Media, Inc.. - Common Stock",NASDAQ
RTAC,Renatus Tactical Acquisition Corp I - Class A Ordinary Shares,NASDAQ
RTB,"RTB Digital, Inc. - Common Stock",NASDAQ
RTO,Rentokil Initial plc American Depositary Shares (each representing five (5) Ordinary Shares),NYSE
RTX,RTX Corporation Common Stock,NYSE
RUBI,Rubico Inc. - Common Stock,NASDAQ
RUM,RUM Group Inc. - Class A Common Stock,NASDAQ
RUN,Sunrun Inc. - Common Stock,NASDAQ
RUSHA,"Rush Enterprises, Inc. - Class A Common Stock",NASDAQ
RUSHB,"Rush Enterprises, Inc. - Class B Common Stock",NASDAQ
RVLV,"Revolve Group, Inc. Class A Common Stock",NYSE
RVMD,"Revolution Medicines, Inc. - Common Stock",NASDAQ
RVP,"Retractable Technologies, Inc. Common Stock",NYSE American
RVSB,Riverview Bancorp Inc - Common Stock,NASDAQ
RVSN,Rail Vision Ltd. - Ordinary Shares,NASDAQ
RVT,"Royce Small-Cap Trust, Inc. Common Stock",NYSE
RVTY,"Revvity, Inc. Common Stock",NYSE
RWAY,Runway Growth Finance Corp. - Common Stock,NASDAQ
RWT,"Redwood Trust, Inc. Common Stock",NYSE
RXO,"RXO, Inc. Common Stock",NYSE
RXRX,"Recursion Pharmaceuticals, Inc. - Class A Common Stock",NASDAQ
RXST,"RxSight, Inc. - Common Stock",NASDAQ
RXT,"Rackspace Technology, Inc. - Common Stock",NASDAQ
RY,Royal Bank Of Canada Common Stock,NYSE
RYAAY,"Ryanair Holdings plc - American Depositary Shares, each representing five Ordinary Shares",NASDAQ
RYAM,Rayonier Advanced Materials Inc. Common Stock,NYSE
RYAN,"Ryan Specialty Holdings, Inc. Class A Common Stock",NYSE
RYDE,Ryde Group Ltd. Class A Ordinary Shares,NYSE American
RYET,Ruanyun Edai Technology Inc. - Ordinary shares,NASDAQ
RYM,"RYTHM, Inc. - Common Stock",NASDAQ
RYN,Rayonier Inc. REIT Common Stock,NYSE
RYOJ,"rYojbaba Co., Ltd. - Common Shares",NASDAQ
RYTM,"Rhythm Pharmaceuticals, Inc. - Common Stock",NASDAQ
RYZ,Ryerson Holding Corporation Common Stock,NYSE
RZLT,"Rezolute, Inc. - Common Stock (NV)",NASDAQ
RZLV,Rezolve AI PLC - Ordinary Shares,NASDAQ
S,"SentinelOne, Inc. Class A Common Stock",NYSE
SA,"Seabridge Gold, Inc. Common Shares New",NYSE
SAAQ,Space Asset Acquisition Corp. - Class A Ordinary Shares,NASDAQ
SABR,Sabre Corporation - Common Stock,NASDAQ
SABS,"SAB Biotherapeutics, Inc. - Common Stock",NASDAQ
SAC,Safeguard Acquisition Corp. Class A Ordinary Shares,NYSE
SACH,Sachem Capital Corp. Common Shares,NYSE American
SAFE,Safehold Inc. New Common Stock,NYSE
SAFT,"Safety Insurance Group, Inc. - Common Stock",NASDAQ
SAFX,"XCF Global, Inc. - Class A Common Stock",NASDAQ
SAGT,SAGTEC GLOBAL LIMITED - Class A Ordinary shares,NASDAQ
SAGU,Shreya Acquisition Group Class A Ordinary Shares,NYSE
SAH,"Sonic Automotive, Inc. Common Stock",NYSE
SAIA,"Saia, Inc. - Common Stock",NASDAQ
SAIC,Science Applications International Corporation - Common Stock,NASDAQ
SAIH,SAIHEAT Limited - Class A Ordinary Shares,NASDAQ
SAIL,"SailPoint, Inc. - Common Stock",NASDAQ
SAM,"Boston Beer Company, Inc. (The) Common Stock",NYSE
SAMG,Silvercrest Asset Management Group Inc. - Common Stock,NASDAQ
SAMO,Samos Energy Acquisition Corporation Class A Ordinary Shares,NYSE
SAN,"Banco Santander, S.A. Sponsored ADR (Spain)",NYSE
SANA,"Sana Biotechnology, Inc. - Common Stock",NASDAQ
SANG,Sangoma Technologies Corporation - Common Shares,NASDAQ
SANM,Sanmina Corporation - Common Stock,NASDAQ
SAP,SAP  SE ADS,NYSE
SAR,Saratoga Investment Corp New,NYSE
SARO,"StandardAero, Inc. Common Stock",NYSE
SATL,Satellogic Inc. - Class A Common Stock,NASDAQ
SB,"Safe Bulkers, Inc Common Stock ($0.001 par value)",NYSE
SBAC,SBA Communications Corporation - Class A Common Stock,NASDAQ
SBC,SBC Medical Group Holdings Incorporated - Common Stock,NASDAQ
SBCF,Seacoast Banking Corporation of Florida - Common Stock,NASDAQ
SBET,"Sharplink, Inc. - Common Stock",NASDAQ
SBFG,"SB Financial Group, Inc. - Common Stock",NASDAQ
SBFM,Sunshine Biopharma Inc. - Common stock,NASDAQ
SBGI,"Sinclair, Inc. - Class A Common Stock",NASDAQ
SBH,"Sally Beauty Holdings, Inc. (Name to be changed from Sally Holdings, Inc.) Common Stock",NYSE
SBLK,Star Bulk Carriers Corp. - Common Shares,NASDAQ
SBMT,Silver Bow Mining Corp. Common Shares,NYSE American
SBRA,"Sabra Health Care REIT, Inc. - Common Stock",NASDAQ
SBS,Companhia de saneamento Basico Do Estado De Sao Paulo - Sabesp American Depositary Shares (Each repstg 250 Common Shares),NYSE
SBSI,"Southside Bancshares, Inc. Common Stock",NYSE
SBSW,D/B/A Sibanye-Stillwater Limited ADS,NYSE
SBUX,Starbucks Corporation - Common Stock,NASDAQ
SBXD,SilverBox Corp IV Class A Ordinary Shares,NYSE
SBXE,SilverBox Corp V Class A Ordinary Shares,NYSE
SCAG,Scage Future - American Depositary Shares,NASDAQ
SCCO,Southern Copper Corporation Common Stock,NYSE
SCHL,Scholastic Corporation - Common Stock,NASDAQ
SCHW,Charles Schwab Corporation (The) Common Stock,NYSE
SCI,Service Corporation International Common Stock,NYSE
SCII,SC II Acquisition Corp. - Class A ordinary share,NASDAQ
SCKT,"Socket Mobile, Inc. - Common Stock",NASDAQ
SCL,Stepan Company Common Stock,NYSE
SCLX,Scilex Holding Company - Common Stock,NASDAQ
SCM,Stellus Capital Investment Corporation Common Stock,NYSE
SCNI,Scinai Immunotherapeutics Ltd. - American Depositary Shares,NASDAQ
SCNX,"Scienture Holdings, Inc. - Common Stock",NASDAQ
SCOR,"comScore, Inc. - Common Stock",NASDAQ
SCPQ,Social Commerce Partners Corporation - Class A Ordinary Shares,NASDAQ
SCSC,"ScanSource, Inc. - Common Stock",NASDAQ
SCTX,Scribe Therapeutics Inc. - Common Stock,NASDAQ
SCWO,374Water Inc. - common stock,NASDAQ
SCYX,"SCYNEXIS, Inc. - Common Stock",NASDAQ
SCZM,Santacruz Silver Mining Ltd. - Common Shares,NASDAQ
SD,"SandRidge Energy, Inc. Common Stock",NYSE
SDA,SunCar Technology Group Inc. - Ordinary Shares,NASDAQ
SDEV,Stablecoin Development Corporation Common Stock,NYSE American
SDGR,"Schrodinger, Inc. - Common Stock",NASDAQ
SDHC,Smith Douglas Homes Corp. Class A Common Stock,NYSE
SDHI,Siddhi Acquisition Corp - Class A Common stock,NASDAQ
SDOT,Sadot Group Inc. - Common Stock,NASDAQ
SDRL,Seadrill Limited Common Shares,NYSE
SDST,Stardust Power Inc. - Common Stock,NASDAQ
SE,"Sea Limited American Depositary Shares, each representing one Class A Ordinary Share",NYSE
SEAT,Vivid Seats Inc. - Class A common stock,NASDAQ
SEB,Seaboard Corporation Common Stock,NYSE American
SECZ,Securitize Corp. Common Stock,NYSE
SEDG,"SolarEdge Technologies, Inc. - Common Stock",NASDAQ
SEED,Origin Agritech Limited - Ordinary Shares,NASDAQ
SEER,"Seer, Inc. - Class A Common Stock",NASDAQ
SEG,Seaport Entertainment Group Inc. Common Stock,NYSE
SEGG,Sports Entertainment Gaming Global Corporation  - Common Stock,NASDAQ
SEI,"Solaris Energy Infrastructure, Inc. Class A Common Stock",NYSE
SEIC,SEI Investments Company - Common Stock,NASDAQ
SELF,"Global Self Storage, Inc. - Common Stock",NASDAQ
SENEA,Seneca Foods Corp. - Class A Common Stock,NASDAQ
SENEB,Seneca Foods Corp. - Class B Common Stock,NASDAQ
SENS,"Senseonics Holdings, Inc. - Common Stock",NASDAQ
SEPN,"Septerna, Inc. - Common Stock",NASDAQ
SER,"Serina Therapeutics, Inc. Common Stock",NYSE American
SERA,"Sera Prognostics, Inc. - Class A Common Stock",NASDAQ
SERV,Serve Robotics Inc. - Common Stock,NASDAQ
SES,SES AI Corporation Class A Common Stock,NYSE
SEV,Aptera Motors Corp. - Class B Common Stock,NASDAQ
SEVN,Seven Hills Realty Trust  - Common Stock,NASDAQ
SEZL,Sezzle Inc. - Common Stock,NASDAQ
SF,Stifel Financial Corporation Common Stock,NYSE
SFBC,"Sound Financial Bancorp, Inc. - Common Stock",NASDAQ
SFBS,"ServisFirst Bancshares, Inc. Common Stock",NYSE
SFD,"Smithfield Foods, Inc. - Common Stock",NASDAQ
SFHG,Samfine Creation Holdings Group Limited - Class A Ordinary Share,NASDAQ
SFIX,"Stitch Fix, Inc. - Class A Common Stock",NASDAQ
SFL,SFL Corporation Ltd,NYSE
SFM,"Sprouts Farmers Market, Inc. - Common Stock",NASDAQ
SFNC,Simmons First National Corporation - Common Stock,NASDAQ
SFST,"Southern First Bancshares, Inc. - Common Stock",NASDAQ
SFWL,Shengfeng Development Limited - Class A Ordinary Shares,NASDAQ
SG,"Sweetgreen, Inc. Class A Common Stock",NYSE
SGA,"Saga Communications, Inc. - Class A Common Stock",NASDAQ
SGC,"Superior Group of Companies, Inc. - Common Stock",NASDAQ
SGHC,Super Group (SGHC) Limited Ordinary Shares,NYSE
SGHT,"Sight Sciences, Inc. - Common Stock",NASDAQ
SGI,Somnigroup International Inc. Common Stock,NYSE
SGLD,Scorpio Gold Corporation - Common Stock,NASDAQ
SGLY,Singularity Future Technology Ltd. - Common Stock,NASDAQ
SGML,Sigma Lithium Corporation - common shares,NASDAQ
SGMT,Sagimet Biosciences Inc. - Series A Common Stock,NASDAQ
SGP,"SpyGlass Pharma, Inc. - Common Stock",NASDAQ
SGRX,SANGRIX INC. - Class A Ordinary Shares,NASDAQ
SGRY,"Surgery Partners, Inc. - Common Stock",NASDAQ
SGU,Star Group L.P. Common Stock,NYSE
SHAK,"Shake Shack, Inc. Class A Common Stock",NYSE
SHAZ,"SharonAI Holdings, Inc. - Class A Common Stock",NASDAQ
SHBI,"Shore Bancshares, Inc. - Common Stock",NASDAQ
SHC,Sotera Health Company - Common Stock,NASDAQ
SHEL,Shell PLC American Depositary Shares (each representing two (2) Ordinary Shares),NYSE
SHEN,Shenandoah Telecommunications Co - Common Stock,NASDAQ
SHFS,"SHF Holdings, Inc. - Class A Common Stock",NASDAQ
SHG,Shinhan Financial Group Co Ltd American Depositary Shares,NYSE
SHIM,Shimmick Corporation - Common Stock,NASDAQ
SHIP,Seanergy Maritime Holdings Corp. - Common Stock,NASDAQ
SHLS,"Shoals Technologies Group, Inc. - Class A Common Stock",NASDAQ
SHMD,SCHMID Group N.V. - Class A Ordinary Shares,NASDAQ
SHO,"Sunstone Hotel Investors, Inc. Sunstone Hotel Investors, Inc. Common Shares",NYSE
SHOE,"Shoe Station Group, Inc. - Common Stock",NASDAQ
SHOO,"Steven Madden, Ltd. - Common Stock",NASDAQ
SHOP,Shopify Inc. - Class A Subordinate Voting Shares,NASDAQ
SHOT,RMG ML Sports Holdings - Class A Ordinary Shares,NASDAQ
SHPH,"Shuttle Pharmaceuticals Holdings, Inc. - common stock",NASDAQ
SHW,Sherwin-Williams Company (The) Common Stock,NYSE
SI,"Shoulder Innovations, Inc. Common Stock",NYSE
SIBN,"SI-BONE, Inc. - Common Stock",NASDAQ
SID,Companhia Siderurgica Nacional S.A. Common Stock,NYSE
SIDU,"Sidus Space, Inc. - Class A Common Stock",NASDAQ
SIEB,Siebert Financial Corp. - Common Stock,NASDAQ
SIF,"SIFCO Industries, Inc. Common Stock",NYSE American
SIFY,Sify Technologies Limited - American Depository Shares,NASDAQ
SIG,Signet Jewelers Limited Common Shares,NYSE
SIGA,SIGA Technologies Inc. - Common Stock,NASDAQ
SIGI,"Selective Insurance Group, Inc. - Common Stock",NASDAQ
SII,Sprott Inc. Common Shares,NYSE
SILC,Silicom Ltd - Ordinary Shares,NASDAQ
SILO,"Silo Pharma, Inc. - Common Stock",NASDAQ
SIM,"Grupo Simec, S.A.B. de C.V. American Depositary Shares",NYSE American
SIMA,SIM Acquisition Corp. I - Class A Ordinary Shares,NASDAQ
SIMO,"Silicon Motion Technology Corporation - American Depositary Shares, each representing four ordinary shares",NASDAQ
SIND,Sinda Ltd. Common Stock,NYSE
SINT,"SiNtx Technologies, Inc. - Common Stock",NASDAQ
SION,"Sionna Therapeutics, Inc. - Common Stock",NASDAQ
SIRI,SiriusXM Holdings Inc. - Common Stock,NASDAQ
SITC,SITE Centers Corp. Common Stock,NYSE
SITE,"SiteOne Landscape Supply, Inc. Common Stock",NYSE
SITM,SiTime Corporation - Common Stock,NASDAQ
SJ,Scienjoy Holding Corporation - Class A Ordinary Shares,NASDAQ
SJM,The J.M. Smucker Company Common Stock,NYSE
SKE,Skeena Resources Limited Common Shares,NYSE
SKHY,SK hynix Inc. - American Depositary Shares,NASDAQ
SKIL,Skillsoft Corp. Class A Common Stock,NYSE
SKIN,SkinHealth Systems Inc. - Class A Common Stock,NASDAQ
SKK,SKK Holdings Limited - Class A Ordinary Shares,NASDAQ
SKM,"SK Telecom Co., Ltd. Common Stock",NYSE
SKT,Tanger Inc. Common Stock,NYSE
SKWD,"Skyward Specialty Insurance Group, Inc. - Common Stock",NASDAQ
SKY,"Champion Homes, Inc. Common Stock",NYSE
SKYA,"SkyAI, Inc. - Common Stock",NASDAQ
SKYE,"Skye Bioscience, Inc. - Common Stock",NASDAQ
SKYH,Sky Harbour Group Corporation Class A Common Stock,NYSE
SKYQ,Sky Quarry Inc. - Common Stock,NASDAQ
SKYW,"SkyWest, Inc. - Common Stock",NASDAQ
SKYX,SKYX Platforms Corp. - Common Stock,NASDAQ
SLAB,"Silicon Laboratories, Inc. - Common Stock",NASDAQ
SLB,SLB Limited Common Shares,NYSE
SLBT,SL Science Holding Limited - Ordinary Shares,NASDAQ
SLDB,Solid Biosciences Inc. - Common Stock,NASDAQ
SLDE,"Slide Insurance Holdings, Inc. - Common Stock",NASDAQ
SLDP,"Solid Power, Inc. - Class A Common Stock",NASDAQ
SLE,"Super League Enterprise, Inc. - Common Stock",NASDAQ
SLF,Sun Life Financial Inc. Common Stock,NYSE
SLG,SL Green Realty Corp Common Stock,NYSE
SLGB,Smart Logistics Global Limited - Class A Ordinary Shares,NASDAQ
SLGL,Sol-Gel Technologies Ltd. - Ordinary Shares,NASDAQ
SLGN,Silgan Holdings Inc. Common Stock,NYSE
SLI,Standard Lithium Ltd. Common Shares,NYSE American
SLM,SLM Corporation - Common Stock,NASDAQ
SLMT,Brera Holdings PLC - Class B Ordinary Shares,NASDAQ
SLN,Silence Therapeutics Plc - American Depository Share,NASDAQ
SLND,"Southland Holdings, Inc. Common Stock",NYSE American
SLNG,"Stabilis Solutions, Inc. - Common Stock",NASDAQ
SLNH,"Soluna Holdings, Inc. - Common Stock",NASDAQ
SLP,"Simulations Plus, Inc. - Common Stock",NASDAQ
SLQT,"SelectQuote, Inc. Common Stock",NYSE
SLS,"SELLAS Life Sciences Group, Inc.  - Common Stock",NASDAQ
SLSN,"Solesence, Inc. - Common stock",NASDAQ
SLSR,Solaris Resources Inc. Common Shares,NYSE American
SLVM,Sylvamo Corporation Common Stock,NYSE
SLXN,Silexion Therapeutics Corp - Ordinary Shares,NASDAQ
SM,SM Energy Company Common Stock,NYSE
SMA,"SmartStop Self Storage REIT, Inc. Common Stock",NYSE
SMBC,"Southern Missouri Bancorp, Inc. - Common Stock",NASDAQ
SMBK,"SmartFinancial, Inc. Common Stock",NYSE
SMC,Summit Midstream Corporation Common Stock,NYSE
SMCI,"Super Micro Computer, Inc. - Common Stock",NASDAQ
SMFG,Sumitomo Mitsui Financial Group Inc Unsponsored American Depositary Shares (Japan),NYSE
SMG,Scotts Miracle-Gro Company (The) Common Stock,NYSE
SMHI,SEACOR Marine Holdings Inc. Common Stock,NYSE
SMID,Smith-Midland Corporation - Common Stock,NASDAQ
SMJF,SMJ International Holdings Inc. Class A Ordinary Shares,NYSE American
SMMT,Summit Therapeutics Inc.  - Common Stock,NASDAQ
SMP,"Standard Motor Products, Inc. Common Stock",NYSE
SMPL,The Simply Good Foods Company - Common Stock,NASDAQ
SMR,NuScale Power Corporation Class A Common Stock,NYSE
SMRT,"SmartRent, Inc. Class A Common Stock",NYSE
SMSI,"Smith Micro Software, Inc. - Common Stock",NASDAQ
SMTC,Semtech Corporation - Common Stock,NASDAQ
SMTI,Sanara MedTech Inc. - Common Stock,NASDAQ
SMTK,"SmartKem, Inc. - Common Stock",NASDAQ
SMWB,Similarweb Ltd. Ordinary Shares,NYSE
SMX,SMX (Security Matters) Public Limited Company - Ordinary Shares,NASDAQ
SMXT,Solarmax Technology Inc. - Common Stock,NASDAQ
SN,"SharkNinja, Inc. Ordinary Shares",NYSE
SNA,Snap-On Incorporated Common Stock,NYSE
SNAL,"Snail, Inc. - Class A Common Stock",NASDAQ
SNAP,Snap Inc. Class A Common Stock,NYSE
SND,"Smart Sand, Inc. - Common Stock",NASDAQ
SNDA,"Sonida Senior Living, Inc. Common Stock",NYSE
SNDL,SNDL Inc. - Common Shares,NASDAQ
SNDR,"Schneider National, Inc. Common Stock",NYSE
SNDX,"Syndax Pharmaceuticals, Inc. - Common Stock",NASDAQ
SNES,"SenesTech, Inc. - Common Stock",NASDAQ
SNEX,StoneX Group Inc. - Common Stock,NASDAQ
SNFCA,Security National Financial Corporation - Class A Common Stock,NASDAQ
SNGX,"Soligenix, Inc. - Common Stock",NASDAQ
SNN,"Smith & Nephew SNATS, Inc. Common Stock",NYSE
SNOA,"Sonoma Pharmaceuticals, Inc. - Common Stock",NASDAQ
SNOW,Snowflake Inc. Common Stock,NYSE
SNPS,"Synopsys, Inc. - Common Stock",NASDAQ
SNSC,SunScout Holding Limited Class A Ordinary Shares,NYSE American
SNT,Senstar Technologies Corporation - Common Shares,NASDAQ
SNTG,Sentage Holdings Inc. - Class A Ordinary Shares,NASDAQ
SNTI,"Senti Biosciences Holdings, Inc. - Common Stock",NASDAQ
SNWV,"SANUWAVE Health, Inc. - Common Stock",NASDAQ
SNX,TD SYNNEX Corporation Common Stock,NYSE
SNY,Sanofi - American Depositary Shares,NASDAQ
SO,Southern Company (The) Common Stock,NYSE
SOAR,"Volato Group, Inc. Class A Common Stock",NYSE American
SOBO,South Bow Corporation Common Shares,NYSE
SOC,Sable Offshore Corp. Common Stock,NYSE
SOCA,Solarius Capital Acquisition Corp. - Class A Ordinary Share,NASDAQ
SOFI,"SoFi Technologies, Inc.  - Common Stock",NASDAQ
SOGP,Sound Group Inc. - American Depositary Shares,NASDAQ
SOHU,Sohu.com Limited  - American Depositary Shares,NASDAQ
SOLS,Solstice Advanced Materials Inc. - Common Stock,NASDAQ
SOLV,Solventum Corporation Common Stock,NYSE
SON,Sonoco Products Company Common Stock,NYSE
SONM,"DNA X, Inc. - Common Stock",NASDAQ
SONO,"Sonos, Inc. - Common Stock",NASDAQ
SONY,Sony Group Corporation American Depositary Shares,NYSE
SOPH,SOPHiA GENETICS SA - Ordinary Shares,NASDAQ
SOR,"Source Capital, Inc. Cmn Shs of BI",NYSE
SORA,AsiaStrategy - Ordinary Shares,NASDAQ
SORN,Soren Acquisition Corp. - Class A Ordinary Shares,NASDAQ
SOS,SOS Limited Class A Ordinary Shares,NYSE
SOTK,Sono-Tek Corporation - Common Stock,NASDAQ
SOUL,Soulpower Acquisition Corporation Class A Ordinary Shares,NYSE
SOUN,"SoundHound AI, Inc. - Class A Common Stock",NASDAQ
SOWG,Sow Good Inc. - Common Stock,NASDAQ
SPAI,Safe Pro Group Inc. - Common Stock,NASDAQ
SPB,"Spectrum Brands Holdings, Inc. Common Stock",NYSE
SPCB,"SuperCom, Ltd. - Ordinary Shares",NASDAQ
SPCE,"Virgin Galactic Holdings, Inc. Common Stock",NYSE
SPCX,Space Exploration Technologies Corp. - Class A Common Stock,NASDAQ
SPEG,Silver Pegasus Acquisition Corp - Class A Ordinary Shares,NASDAQ
SPFI,"South Plains Financial, Inc. - Common Stock",NASDAQ
SPG,"Simon Property Group, Inc. Common Stock",NYSE
SPGI,S&P Global Inc. Common Stock,NYSE
SPH,"Suburban Propane Partners, L.P. Common Stock",NYSE
SPHL,Springview Holdings Ltd - Ordinary shares,NASDAQ
SPHR,Sphere Entertainment Co. Class A Common Stock,NYSE
SPIR,"Spire Global, Inc. Class A Common Stock",NYSE
SPKL,Spark I Acquisition Corp. - Class A Ordinary Share,NASDAQ
SPMC,"Sound Point Meridian Capital, Inc. Common Stock",NYSE
SPNT,SiriusPoint Ltd. Common Shares,NYSE
SPOK,"Spok Holdings, Inc. - Common Stock",NASDAQ
SPOT,Spotify Technology S.A. Ordinary Shares,NYSE
SPPL,SIMPPLE LTD. - Ordinary Shares,NASDAQ
SPRB,"Spruce Biosciences, Inc. - Common Stock",NASDAQ
SPRC,SciSparc Ltd. - Ordinary Shares,NASDAQ
SPRO,"Spero Therapeutics, Inc. - Common Stock",NASDAQ
SPRU,Spruce Power Holding Corporation Class A Common Stock,NYSE
SPRY,"ARS Pharmaceuticals, Inc. - Common Stock",NASDAQ
SPSC,"SPS Commerce, Inc. - Common Stock",NASDAQ
SPT,"Sprout Social, Inc - Class A Common Stock",NASDAQ
SPTX,"Seaport Therapeutics, Inc. - Common Stock",NASDAQ
SPWH,"Sportsman's Warehouse Holdings, Inc. - Common Stock",NASDAQ
SPWR,SunPower Inc. - Common Stock,NASDAQ
SPXC,"SPX Technologies, Inc. Common Stock",NYSE
SQFT,"Presidio Property Trust, Inc. - Class A Common Stock",NASDAQ
SQM,Sociedad Quimica y Minera S.A. Common Stock,NYSE
SQNS,Sequans Communications S.A. American Depositary Shares (each representing one hundred (100) Ordinary Shares),NYSE
SR,Spire Inc. Common Stock,NYSE
SRAD,Sportradar Group AG - Class A Ordinary Shares,NASDAQ
SRBK,"SR Bancorp, Inc. - Common stock",NASDAQ
SRCE,1st Source Corporation - Common Stock,NASDAQ
SRE,DBA Sempra Common Stock,NYSE
SRFM,Surf Air Mobility Inc. Common Stock,NYSE
SRG,Seritage Growth Properties Class A Common Stock,NYSE
SRI,"Stoneridge, Inc. Common Stock",NYSE
SRL,Scully Royalty Ltd.,NYSE
SRPT,"Sarepta Therapeutics, Inc. - Common Stock",NASDAQ
SRRK,Scholar Rock Holding Corporation - Common Stock,NASDAQ
SRTA,"Strata Critical Medical, Inc. - Class A Common Stock",NASDAQ
SRTS,"Sensus Healthcare, Inc. - Common Stock",NASDAQ
SRXH,SRX Global Inc. Common Stock,NYSE American
SRZN,"Surrozen, Inc. - Common Stock",NASDAQ
SSAC,SPACSphere Acquisition Corp. - Class A Ordinary Shares,NASDAQ
SSB,SouthState Bank Corporation Common Stock,NYSE
SSBI,Summit State Bank - Common Stock,NASDAQ
SSD,"Simpson Manufacturing Company, Inc. Common Stock",NYSE
SSEA,Starry Sea Acquisition Corp - Ordinary Shares,NASDAQ
SSII,SS Innovations International Inc. - Common Stock,NASDAQ
SSL,Sasol Ltd. American Depositary Shares,NYSE
SSM,Sono Group N.V. - Ordinary Shares,NASDAQ
SSMR,Sunshine Silver Mining & Refining Company Common Stock,NYSE
SSNC,"SS&C Technologies Holdings, Inc. - Common Stock",NASDAQ
SSP,E.W. Scripps Company (The) - Class A Common Stock,NASDAQ
SSRM,SSR Mining Inc. - Common Stock,NASDAQ
SST,"System1, Inc. Class A Common Stock",NYSE
SSTI,"SoundThinking, Inc. - Common Stock",NASDAQ
SSTK,"Shutterstock, Inc. Common Stock",NYSE
SSYS,"Stratasys, Ltd. - Common Stock",NASDAQ
ST,Sensata Technologies Holding plc Ordinary Shares,NYSE
STAA,STAAR Surgical Company - Common Stock,NASDAQ
STAG,"Stag Industrial, Inc. Common Stock",NYSE
STAK,STAK Inc. - Class A Ordinary Shares,NASDAQ
STBA,"S&T Bancorp, Inc. - Common Stock",NASDAQ
STC,Stewart Information Services Corporation Common Stock,NYSE
STDN,"Standard Nuclear, Inc. Class A Common Stock",NYSE
STE,STERIS plc (Ireland) Ordinary Shares,NYSE
STEM,"Stem, Inc. Class A Common Stock",NYSE
STEP,StepStone Group Inc. - Class A Common Stock,NASDAQ
STEX,Streamex Corp. - Common Stock,NASDAQ
STFS,Star Fashion Culture Holdings Limited - Class A Ordinary Shares,NASDAQ
STG,"Sunlands Technology Group American Depositary Shares, representing Class A ordinary shares",NYSE
STGW,Stagwell Inc. - Class A Common Stock,NASDAQ
STHO,Star Holdings - Shares of Beneficial Interest,NASDAQ
STI,"Solidion Technology, Inc. - Common Stock",NASDAQ
STIM,"Neuronetics, Inc. - Common Stock",NASDAQ
STKE,Sol Strategies Inc. - Common Shares,NASDAQ
STKH,Steakholder Foods Ltd. - American Depositary Shares,NASDAQ
STKS,"The ONE Group Hospitality, Inc. - Common Stock",NASDAQ
STLA,Stellantis N.V. Common Shares,NYSE
STLD,"Steel Dynamics, Inc. - Common Stock",NASDAQ
STLN,"Starling Oncology, Inc. - Common Stock",NASDAQ
STM,STMicroelectronics N.V. Common Stock,NYSE
STN,Stantec Inc Common Stock,NYSE
STNE,StoneCo Ltd. - Class A Common Share,NASDAQ
STNG,Scorpio Tankers Inc. Common Shares,NYSE
STOK,"Stoke Therapeutics, Inc. - Common Stock",NASDAQ
STRA,"Strategic Education, Inc. - Common Stock",NASDAQ
STRL,"Sterling Infrastructure, Inc. - Common Stock",NASDAQ
STRO,"Sutro Biopharma, Inc. - Common Stock",NASDAQ
STRR,"Star Equity Holdings, Inc. - Common Stock",NASDAQ
STRT,STRATTEC SECURITY CORPORATION - Common Stock,NASDAQ
STRW,"Strawberry Fields REIT, Inc. Common Stock",NYSE American
STRZ,Starz Entertainment Corp. - Common Shares,NASDAQ
STT,State Street Corporation Common Stock,NYSE
STTK,"Shattuck Labs, Inc. - Common Stock",NASDAQ
STUB,"StubHub Holdings, Inc. Class A Common Stock",NYSE
STVN,Stevanato Group S.p.A. Ordinary Shares,NYSE
STWD,"STARWOOD PROPERTY TRUST, INC. Starwood Property Trust Inc.",NYSE
STX,Seagate Technology Holdings PLC - Ordinary Shares (Ireland),NASDAQ
STXS,"Stereotaxis, Inc. Common Stock",NYSE American
STZ,"Constellation Brands, Inc. Common Stock",NYSE
SU,Suncor Energy  Inc. Common Stock,NYSE
SUGP,SU Group Holdings Limited - Class A Ordinary Shares,NASDAQ
SUI,"Sun Communities, Inc. Common Stock",NYSE
SUIG,Sui Group Holdings Limited - Common Stock,NASDAQ
SUJA,"Suja Life, Inc. - Class A Common Stock",NASDAQ
SUMA,SUMA Acquisition Corporation - Class A Ordinary Shares,NASDAQ
SUNB,"Sunbelt Rentals Holdings, Inc. Common Stock",NYSE
SUNE,"SUNation Energy, Inc. - Common Stock",NASDAQ
SUNS,"Sunrise Realty Trust, Inc. - Common Stock",NASDAQ
SUPN,"Supernus Pharmaceuticals, Inc. - Common Stock",NASDAQ
SUPV,Grupo Supervielle S.A. American Depositary Shares each Representing five Class B shares,NYSE
SUPX,SuperX AI Technology Limited - Ordinary Shares,NASDAQ
SURG,"SurgePays, Inc. - Common Stock",NASDAQ
SUZ,Suzano S.A. American Depositary Shares (each representing One Ordinary Share),NYSE
SVA,"Sinovac Biotech, Ltd. - Ordinary Shares (Antigua/Barbudo)",NASDAQ
SVAQ,Silicon Valley Acquisition Corp. - Class A Ordinary Shares,NASDAQ
SVC,Service Properties Trust - Common Shares of Beneficial Interest,NASDAQ
SVCC,Stellar V Capital Corp. - Class A Ordinary Shares,NASDAQ
SVCO,"Silvaco Group, Inc. - Common Stock",NASDAQ
SVIA,"Silvia, Inc. - Common Stock",NASDAQ
SVIV,Spring Valley Acquisition Corp. IV - Class A Ordinary Shares,NASDAQ
SVM,Silvercorp Metals Inc. Common Shares,NYSE American
SVRA,"Savara, Inc. - Common Stock",NASDAQ
SVRE,SaverOne 2014 Ltd. - American Depositary Shares,NASDAQ
SVRN,"SVRN, Inc. - Common Stock",NASDAQ
SVV,"Savers Value Village, Inc. Common Stock",NYSE
SW,Smurfit WestRock plc Ordinary Shares,NYSE
SWAG,"Stran & Company, Inc. - Common Stock",NASDAQ
SWBI,"Smith & Wesson Brands, Inc. - Common Stock",NASDAQ
SWIM,"Latham Group, Inc. - Common Stock",NASDAQ
SWK,"Stanley Black & Decker, Inc. Common Stock",NYSE
SWKS,"Skyworks Solutions, Inc. - Common Stock",NASDAQ
SWMR,"Swarmer, Inc - common stock",NASDAQ
SWRD,Stewards Inc - Common Stock,NASDAQ
SWVL,Swvl Holdings Corp - Ordinary Shares,NASDAQ
SWX,"Southwest Gas Holdings, Inc. Common Stock (DE)",NYSE
SXC,"SunCoke Energy, Inc. Common Stock",NYSE
SXI,Standex International Corporation Common Stock,NYSE
SXT,Sensient Technologies Corporation Common Stock,NYSE
SXTC,"China SXT Pharmaceuticals, Inc. - Class A Ordinary Shares",NASDAQ
SXTP,"60 Degrees Pharmaceuticals, Inc. - Common Stock",NASDAQ
SY,So-Young International Inc. - American Depository Shares,NASDAQ
SYBT,"Stock Yards Bancorp, Inc. - Common Stock",NASDAQ
SYF,Synchrony Financial Common Stock,NYSE
SYK,Stryker Corporation Common Stock,NYSE
SYM,Symbotic Inc. - Class A Common Stock,NASDAQ
SYNA,Synaptics Incorporated - Common Stock,NASDAQ
SYNX,Silynxcom Ltd. Ordinary Shares,NYSE American
SYPR,"Sypris Solutions, Inc. - Common Stock",NASDAQ
SYRE,"Spyre Therapeutics, Inc. - Common Stock",NASDAQ
SYY,Sysco Corporation Common Stock,NYSE
SZZL,Sizzle Acquisition Corp. II - Class A ordinary shares,NASDAQ
T,AT&T Inc.,NYSE
TAC,TransAlta Corporation Ordinary Shares,NYSE
TACH,Titan Acquisition Corp. - Class A Ordinary Shares,NASDAQ
TACO,Berto Acquisition Corp. - Ordinary Shares,NASDAQ
TACT,TransAct Technologies Incorporated - Common Stock,NASDAQ
TAK,Takeda Pharmaceutical Company Limited American Depositary Shares (each representing 1/2 of a share of Common Stock),NYSE
TAL,TAL Education Group American Depositary Shares,NYSE
TALO,"Talos Energy, Inc. Common Stock",NYSE
TANH,Tantech Holdings Ltd. - Class A Common Shares,NASDAQ
TAOP,Taoping Inc. - Ordinary Shares,NASDAQ
TAOX,Tao Synergies Inc. - Common Stock,NASDAQ
TAP,Molson Coors Beverage Company Class B Common Stock,NYSE
TAP-A,Molson Coors Beverage Company Class A Common Stock,NYSE
TARA,"Protara Therapeutics, Inc.  - Common Stock",NASDAQ
TARS,"Tarsus Pharmaceuticals, Inc. - Common Stock",NASDAQ
TASK,"TaskUs, Inc. - Class A Common Stock",NASDAQ
TATT,TAT Technologies Ltd. - Ordinary Shares,NASDAQ
TAVI,Tavia Acquisition Corp. - Ordinary Shares,NASDAQ
TAYD,"Taylor Devices, Inc. - Common Stock",NASDAQ
TBBB,BBB Foods Inc. Class A Common Shares,NYSE
TBBK,"The Bancorp, Inc. - Common Stock",NASDAQ
TBCH,Turtle Beach Corporation - Common Stock,NASDAQ
TBI,"TrueBlue, Inc. Common Stock",NYSE
TBLA,Taboola.com Ltd. - Ordinary Shares,NASDAQ
TBN,Tamboran Resources Corporation Common stock,NYSE
TC,Token Cat Limited - American Depositary Shares,NASDAQ
TCBI,"Texas Capital Bancshares, Inc. - Common Stock",NASDAQ
TCBK,TriCo Bancshares - Common Stock,NASDAQ
TCBS,"Texas Community Bancshares, Inc. - Common Stock",NASDAQ
TCBX,"Third Coast Bancshares, Inc. Common Stock",NYSE
TCGX,TCGX Acquisition Corp. - Class A Ordinary Shares,NASDAQ
TCI,"Transcontinental Realty Investors, Inc. Common Stock",NYSE
TCMD,"Tactile Systems Technology, Inc. - Common Stock",NASDAQ
TCOM,Trip.com Group Limited - American Depositary Shares,NASDAQ
TCRT,"Alaunos Therapeutics, Inc. - Common Stock",NASDAQ
TCRX,"TScan Therapeutics, Inc. - Common Stock",NASDAQ
TCX,Tucows Inc. - Common Stock,NASDAQ
TD,Toronto Dominion Bank (The) Common Stock,NYSE
TDAC,Translational Development Acquisition Corp. - Ordinary Shares,NASDAQ
TDAY,"USA TODAY Co., Inc. Common Stock",NYSE
TDC,Teradata Corporation Common Stock,NYSE
TDG,Transdigm Group Incorporated Common Stock,NYSE
TDIC,Dreamland Limited - Class A Ordinary Shares,NASDAQ
TDOC,"Teladoc Health, Inc. Common Stock",NYSE
TDS,"Telephone and Data Systems, Inc. Common Shares",NYSE
TDTH,Trident Digital Tech Holdings Ltd - Class B Ordinary Shares,NASDAQ
TDUP,ThredUp Inc. - Class A Common Stock,NASDAQ
TDW,Tidewater Inc. Common Stock,NYSE
TDWD,Tailwind 2.0 Acquisition Corp. - Class A Ordinary Shares,NASDAQ
TDY,Teledyne Technologies Incorporated Common Stock,NYSE
TE,T1 Energy Inc. Common Stock,NYSE
TEAD,Teads Holding Co. - Common Stock,NASDAQ
TEAM,Atlassian Corporation  - Class A Common Stock,NASDAQ
TECH,Bio-Techne Corp - Common Stock,NASDAQ
TECK,Teck Resources Ltd Ordinary Shares,NYSE
TECX,"Tectonic Therapeutic, Inc. - Common Stock",NASDAQ
TEL,TE Connectivity plc Ordinary Shares,NYSE
TELA,"TELA Bio, Inc. - Common stock",NASDAQ
TELO,"Telomir Pharmaceuticals, Inc. - Common Stock",NASDAQ
TEM,"Tempus AI, Inc. - Class A Common Stock",NASDAQ
TEN,Tsakos Energy Navigation Ltd Common Shares,NYSE
TENB,"Tenable Holdings, Inc. - Common Stock",NASDAQ
TENX,"Tenax Therapeutics, Inc. - Common Stock",NASDAQ
TEO,Telecom Argentina SA,NYSE
TER,"Teradyne, Inc. - Common Stock",NASDAQ
TEVA,Teva Pharmaceutical Industries Limited Ordinary Shares,NYSE
TEX,Terex Corporation Common Stock,NYSE
TFC,Truist Financial Corporation Common Stock,NYSE
TFII,TFI International Inc. Common Shares,NYSE
TFIN,"Triumph Financial, Inc. Common Stock",NYSE
TFPM,Triple Flag Precious Metals Corp. Common Shares,NYSE
TFSL,TFS Financial Corporation - Common Stock,NASDAQ
TFX,Teleflex Incorporated Common Stock,NYSE
TG,Tredegar Corporation Common Stock,NYSE
TGB,Trekor Metals Limited Common Shares,NYSE American
TGE,The Generation Essentials Group Class A Ordinary Shares,NYSE
TGEN,Tecogen Inc. Common Stock,NYSE American
TGHL,The GrowHub Limited - Class A Ordinary Shares,NASDAQ
TGL,Treasure Global Inc. - Common Stock,NASDAQ
TGLS,Tecnoglass Holdings Inc. Common Stock,NYSE
TGS,Transportadora de Gas del Sur SA TGS Common Stock,NYSE
TGT,Target Corporation Common Stock,NYSE
TGTX,"TG Therapeutics, Inc. - Common Stock",NASDAQ
TH,Target Hospitality Corp. - Common Stock,NASDAQ
THC,Tenet Healthcare Corporation Common Stock,NYSE
THCH,TH International Limited - Ordinary shares,NASDAQ
THEO,BOA Acquisition Corp. II - Class A Ordinary Shares,NASDAQ
THFF,First Financial Corporation  - Common Stock,NASDAQ
THG,Hanover Insurance Group Inc,NYSE
THH,TryHard Holdings Limited - Ordinary Shares,NASDAQ
THM,"International Tower Hill Mines, Ltd. Ordinary Shares (Canada)",NYSE American
THO,"Thor Industries, Inc. Common Stock",NYSE
THRM,Gentherm Inc - Common Stock,NASDAQ
THRY,"Thryv Holdings, Inc. - Common Stock",NASDAQ
TIC,"TIC Solutions, Inc. Common Stock",NYSE
TIGO,Millicom International Cellular S.A. - Common Stock,NASDAQ
TIGR,UP Fintech Holding Limited - American Depositary Shares representing fifteen Class A Ordinary Shares,NASDAQ
TII,Titan Mining Corporation Common Shares,NYSE American
TIL,"Instil Bio, Inc. - Common Stock",NASDAQ
TILE,"Interface, Inc. - Common Stock",NASDAQ
TIMB,TIM S.A. American Depositary Shares (Each representing 5 Common Shares),NYSE
TIPT,Tiptree Inc. - Common Stock,NASDAQ
TISI,"Team, Inc. Common Stock",NYSE
TITN,Titan Machinery Inc. - Common Stock,NASDAQ
TJGC,TJGC Group Limited - Class A Ordinary Shares,NASDAQ
TJX,"TJX Companies, Inc. (The) Common Stock",NYSE
TK,Teekay Corporation Ltd. Common Stock,NYSE
TKC,Turkcell Iletisim Hizmetleri AS Common Stock,NYSE
TKLF,"Tokyo Lifestyle Co., Ltd. - American Depositary Shares",NASDAQ
TKNO,"Alpha Teknova, Inc. - Common Stock",NASDAQ
TKO,"TKO Group Holdings, Inc. Class A Common Stock",NYSE
TKR,Timken Company (The) Common Stock,NYSE
TLAC,Three Lions Acquisition Corp. - Ordinary Shares,NASDAQ
TLF,"Tandy Leather Factory, Inc. - common stock",NASDAQ
TLIH,Ten-League International Holdings Limited - Ordinary Shares,NASDAQ
TLK,"PT Telekomunikasi Indonesia, Tbk",NYSE
TLN,Talen Energy Corporation - Common Stock,NASDAQ
TLNC,Talon Capital Corp. - Class A Ordinary Shares,NASDAQ
TLPH,"Talphera, Inc. - Common Stock",NASDAQ
TLRY,"Tilray Brands, Inc. - Common Stock",NASDAQ
TLS,Telos Corporation - Common Stock,NASDAQ
TLSA,Tiziana Life Sciences Ltd - Common Shares,NASDAQ
TLSI,"TriSalus Life Sciences, Inc. - Common Stock",NASDAQ
TLX,Telix Pharmaceuticals Limited - American Depositary Shares,NASDAQ
TLYS,"Tilly's, Inc. Common Stock",NYSE
TM,Toyota Motor Corporation Common Stock,NYSE
TMC,TMC the metals company Inc. - Common Stock,NASDAQ
TMCI,"Treace Medical Concepts, Inc. - Common Stock",NASDAQ
TMCR,The Metals Royalty Company Inc. - Common Stock,NASDAQ
TMDE,TMD Energy Limited Ordinary Shares,NYSE American
TMDX,"TransMedics Group, Inc. - Common Stock",NASDAQ
TME,"Tencent Music Entertainment Group American Depositary Shares, each representing two Class A Ordinary Shares",NYSE
TMO,Thermo Fisher Scientific Inc Common Stock,NYSE
TMP,Tompkins Financial Corporation Common Stock,NYSE American
TMQ,Trilogy Metals Inc. Common Stock,NYSE American
TMS,Teamshares Inc. - Common Stock,NASDAQ
TMTS,Spartacus Acquisition Corp. II - Class A Ordinary Shares,NASDAQ
TMUS,"T-Mobile US, Inc. - Common Stock",NASDAQ
TNC,Tennant Company Common Stock,NYSE
TNDM,"Tandem Diabetes Care, Inc. - Common Stock",NASDAQ
TNET,"TriNet Group, Inc. Common Stock",NYSE
TNGX,"Tango Therapeutics, Inc. - Common Stock",NASDAQ
TNK,Teekay Tankers Ltd.,NYSE
TNL,Travel   Leisure Co. Common  Stock,NYSE
TNMG,TNL Mediagene - Ordinary Shares,NASDAQ
TNON,"Tenon Medical, Inc. - Common Stock",NASDAQ
TNXP,Tonix Pharmaceuticals Holding Corp. - Common Stock,NASDAQ
TNYA,"Tenaya Therapeutics, Inc. - Common Stock",NASDAQ
TOL,"Toll Brothers, Inc. Common Stock",NYSE
TOMZ,"TOMI Environmental Solutions, Inc. - Common Stock",NASDAQ
TONT,Graf Global Corp. Class A ordinary shares,NYSE American
TONX,TON Strategy Company - Common Stock,NASDAQ
TOON,"Kartoon Studios, Inc. Common Stock",NYSE American
TOP,TOP Financial Group Limited - Class A Ordinary Shares,NASDAQ
TOPP,Toppoint Holdings Inc. Common Stock,NYSE American
TOPS,"TOP Ships, Inc. Common Stock",NYSE American
TORO,Toro Corp. - Common stock,NASDAQ
TOST,"Toast, Inc. Class A Common Stock",NYSE
TOUR,Tuniu Corporation - American Depositary Shares,NASDAQ
TOVX,"Theriva Biologics, Inc. Common Stock",NYSE American
TOWN,Towne Bank - Common Stock,NASDAQ
TOYO,"TOYO Co., Ltd - Ordinary Shares",NASDAQ
TP,Ticketplus Ltd. Ordinary Shares,NYSE American
TPB,"Turning Point Brands, Inc. Common Stock",NYSE
TPC,Tutor Perini Corporation Common Stock,NYSE
TPCS,TechPrecision Corporation - Common stock,NASDAQ
TPET,Trio Petroleum Corp. Common Stock,NYSE American
TPG,TPG Inc. - Class A Common Stock,NASDAQ
TPL,Texas Pacific Land Corporation Common Stock,NYSE
TPR,"Tapestry, Inc. Common Stock",NYSE
TPST,"Tempest Therapeutics, Inc. - Common Stock",NASDAQ
TPVG,TriplePoint Venture Growth BDC Corp. Common Stock,NYSE
TR,"Tootsie Roll Industries, Inc. Common Stock",NYSE
TRAD,APEX Tech Acquisition Inc. Ordinary Shares,NYSE
TRAK,"ReposiTrak, Inc. Common Stock",NYSE
TRAW,"Traws Pharma, Inc. - Common Stock",NASDAQ
TRAX,"First Tracks Biotherapeutics, Inc. - Ordinary Shares",NASDAQ
TRBG,TurboGen Ltd. - Ordinary Shares,NASDAQ
TRC,Tejon Ranch Co Common Stock,NYSE
TRDA,"Entrada Therapeutics, Inc. - Common Stock",NASDAQ
TREE,"LendingTree, Inc. - Common Stock",NASDAQ
TREO,Tactical Resources Corp. - Common Shares,NASDAQ
TREX,"Trex Company, Inc. Common Stock",NYSE
TRGP,"Targa Resources, Inc. Common Stock",NYSE
TRGS,TRG Latin America Acquisitions Corp. - Class A Ordinary Shares,NASDAQ
TRI,Thomson Reuters Corp - Common Shares,NASDAQ
TRIB,Trinity Biotech plc - American Depositary Shares,NASDAQ
TRIN,Trinity Capital Inc. Common Stock,NYSE
TRIP,"TripAdvisor, Inc. - Common Stock",NASDAQ
TRLV,Trulieve Cannabis Corp. Subordinate Voting Shares,NYSE
TRMB,Trimble Inc. - Common Stock,NASDAQ
TRMD,TORM plc - Class A Common Stock,NASDAQ
TRMK,Trustmark Corporation - Common Stock,NASDAQ
TRN,"Trinity Industries, Inc. Common Stock",NYSE
TRNO,Terreno Realty Corporation Common Stock,NYSE
TRNR,Interactive Strength Inc. - Common Stock,NASDAQ
TRNS,"Transcat, Inc. - Common Stock",NASDAQ
TRON,Tron Inc. - Common Stock,NASDAQ
TROO,"TROOPS, Inc.  - Ordinary Shares",NASDAQ
TROW,"T. Rowe Price Group, Inc. - Common Stock",NASDAQ
TROX,Tronox Holdings plc Ordinary Shares (UK),NYSE
TRP,TC Energy Corporation Common Stock,NYSE
TRS,TriMas Corporation - Common Stock,NASDAQ
TRSG,Tungray Technologies Inc - Class A Ordinary Shares,NASDAQ
TRST,TrustCo Bank Corp NY - Common Stock,NASDAQ
TRT,Trio-Tech International - Common Stock,NASDAQ
TRTX,"TPG RE Finance Trust, Inc. Common Stock",NYSE
TRU,TransUnion Common Stock,NYSE
TRUG,"TruGolf Holdings, Inc. - Class A Common Stock",NASDAQ
TRUP,"Trupanion, Inc. - Common Stock",NASDAQ
TRV,"The Travelers Companies, Inc. Common Stock",NYSE
TRVG,trivago N.V. - American Depositary Shares,NASDAQ
TRVI,"Trevi Therapeutics, Inc. - Common Stock",NASDAQ
TRX,TRX Gold Corporation Common Stock,NYSE American
TS,Tenaris S.A. American Depositary Shares,NYSE
TSAT,Telesat Corporation - Class A Common Shares and Class B Variable Voting Shares,NASDAQ
TSBK,"Timberland Bancorp, Inc. - Common Stock",NASDAQ
TSCO,Tractor Supply Company - Common Stock,NASDAQ
TSEM,Tower Semiconductor Ltd. - Ordinary Shares,NASDAQ
TSHA,"Taysha Gene Therapies, Inc. - Common Stock",NASDAQ
TSLA,"Tesla, Inc.  - Common Stock",NASDAQ
TSLX,"Sixth Street Specialty Lending, Inc. Common Stock",NYSE
TSM,Taiwan Semiconductor Manufacturing Company Ltd.,NYSE
TSN,"Tyson Foods, Inc. Common Stock",NYSE
TSQ,"Townsquare Media, Inc. Class A Common Stock",NYSE
TSSI,"TSS, Inc. - Common Stock",NASDAQ
TT,Trane Technologies plc,NYSE
TTAM,Titan America SA Common Shares,NYSE
TTAN,"ServiceTitan, Inc. - Class A Common Stock",NASDAQ
TTC,Toro Company (The) Common Stock,NYSE
TTD,"The Trade Desk, Inc. - Class A Common Stock",NASDAQ
TTE,TotalEnergies SE Ordinary Shares,NYSE
TTEC,"TTEC Holdings, Inc. - Common Stock",NASDAQ
TTEK,"Tetra Tech, Inc. - Common Stock",NASDAQ
TTGT,"TechTarget, Inc. - Common Stock",NASDAQ
TTI,"Tetra Technologies, Inc. Common Stock",NYSE
TTMI,"TTM Technologies, Inc. - Common Stock",NASDAQ
TTRX,Turn Therapeutics Inc. - Common Stock,NASDAQ
TTWO,"Take-Two Interactive Software, Inc. - Common Stock",NASDAQ
TU,Telus Corporation Ordinary Shares,NYSE
TULP,"Bloomia Holdings, Inc. - Common Stock",NASDAQ
TURB,"Turbo Energy, S.A. - American Depositary Shares",NASDAQ
TUSK,"Mammoth Energy Services, Inc. - Common Stock",NASDAQ
TUYA,"Tuya Inc. American Depositary Shares, each representing one Class A Ordinary Share",NYSE
TV,Grupo Televisa S.A.B. Common Stock,NYSE
TVA,Texas Ventures Acquisition III Corp - Class A Ordinary Share,NASDAQ
TVAI,Thayer Ventures Acquisition Corporation II - Class A Ordinary Shares,NASDAQ
TVC,Tennessee Valley Authority Common Stock,NYSE
TVE,Tennessee Valley Authority,NYSE
TVGN,Tevogen Inc. - Common Stock,NASDAQ
TVIV,Texas Ventures Acquisition IV Corp - Class A Ordinary Shares,NASDAQ
TVRD,"Tvardi Therapeutics, Inc. - Common Stock",NASDAQ
TVTX,"Travere Therapeutics, Inc. - Common Stock",NASDAQ
TW,Tradeweb Markets Inc. - Class A Common Stock,NASDAQ
TWAV,"TaoWeave, Inc. - Common Stock",NASDAQ
TWFG,"TWFG, Inc. - Common Stock",NASDAQ
TWG,Top Wealth Group Holding Limited - Class A Ordinary Shares,NASDAQ
TWI,"Titan International, Inc. (DE) Common Stock",NYSE
TWIN,"Twin Disc, Incorporated - Common Stock",NASDAQ
TWLO,Twilio Inc. Class A Common Stock,NYSE
TWLV,Twelve Seas Investment Company III - Class A Ordinary Shares,NASDAQ
TWST,Twist Bioscience Corporation - Common Stock,NASDAQ
TX,"Ternium S.A. Ternium S.A. American Depositary Shares (each representing ten shares, USD1.00 par value)",NYSE
TXG,"10x Genomics, Inc. - Common Stock",NASDAQ
TXMD,"TherapeuticsMD, Inc. - Common Stock",NASDAQ
TXN,Texas Instruments Incorporated - Common Stock,NASDAQ
TXNM,"TXNM Energy, Inc. Common Stock",NYSE
TXRH,"Texas Roadhouse, Inc. - Common Stock",NASDAQ
TXT,Textron Inc. Common Stock,NYSE
TY,Tri Continental Corporation Common Stock,NYSE
TYG,Tortoise Energy Infrastructure Corporation Common Stock,NYSE
TYGO,"Tigo Energy, Inc. - Common Stock",NASDAQ
TYL,"Tyler Technologies, Inc. Common Stock",NYSE
TYRA,"Tyra Biosciences, Inc. - Common Stock",NASDAQ
TZOO,Travelzoo - Common Stock,NASDAQ
U,Unity Software Inc. Common Stock,NYSE
UA,"Under Armour, Inc. Class C Common Stock",NYSE
UAA,"Under Armour, Inc. Class A Common Stock",NYSE
UAC,United Acquisition Corp. I Class A Ordinary Shares,NYSE American
UAL,"United Airlines Holdings, Inc. - Common Stock",NASDAQ
UAMY,United States Antimony Corporation Common Stock,NYSE
UAVS,"AgEagle Aerial Systems, Inc. Common Stock",NYSE American
UBCP,"United Bancorp, Inc. - Common Stock",NASDAQ
UBER,"Uber Technologies, Inc. Common Stock",NYSE
UBS,UBS Group AG Registered Ordinary Shares,NYSE
UBSI,"United Bankshares, Inc. - Common Stock",NASDAQ
UCAR,U Power Limited - Class A Ordinary Shares,NASDAQ
UCB,"United Community Banks, Inc. Common Stock",NYSE
UCFI,CN Healthy Food Tech Group Corp. - Common Stock,NASDAQ
UCL,uCloudlink Group Inc. - American Depositary Shares,NASDAQ
UCTT,"Ultra Clean Holdings, Inc. - Common Stock",NASDAQ
UDR,"UDR, Inc. Common Stock",NYSE
UE,Urban Edge Properties Common Shares of Beneficial Interest,NYSE
UEC,Uranium Energy Corp. Common Stock,NYSE American
UEIC,Universal Electronics Inc. - Common Stock,NASDAQ
UFCS,"United Fire Group, Inc - Common Stock",NASDAQ
UFG,Uni-Fuels Holdings Limited - Class A Ordinary Shares,NASDAQ
UFI,"Unifi, Inc. New Common Stock",NYSE
UFPI,"UFP Industries, Inc. - Common Stock",NASDAQ
UFPT,"UFP Technologies, Inc. - Common Stock",NASDAQ
UG,"United-Guardian, Inc. - Common Stock",NASDAQ
UGI,UGI Corporation Common Stock,NYSE
UGP,Ultrapar Participacoes S.A. (New) American Depositary Shares (Each representing one Common Share),NYSE
UHAL,U-Haul Holding Company Common Stock,NYSE
UHAL-B,U-Haul Holding Company Series N Non-Voting Common Stock,NYSE
UHS,"Universal Health Services, Inc. Common Stock",NYSE
UI,Ubiquiti Inc. Common Stock,NYSE
UIS,Unisys Corporation New Common Stock,NYSE
UK,Ucommune International Ltd  - Class A Ordinary Shares,NASDAQ
UL,Unilever PLC American Depositary Shares (each representing One Ordinary Share),NYSE
ULBI,Ultralife Corporation - Common Stock,NASDAQ
ULCC,"Frontier Group Holdings, Inc. - Common Stock",NASDAQ
ULH,"Universal Logistics Holdings, Inc. - Common Stock",NASDAQ
ULS,UL Solutions Inc. Class A Common Stock,NYSE
ULTA,"Ulta Beauty, Inc. - Common Stock",NASDAQ
UMAC,"Unusual Machines, Inc. Common Stock",NYSE American
UMBF,UMB Financial Corporation - Common Stock,NASDAQ
UMC,United Microelectronics Corporation (NEW) Common Stock,NYSE
UMH,"UMH Properties, Inc. Common Stock",NYSE
UNB,"Union Bankshares, Inc. - Common Stock",NASDAQ
UNCY,"Unicycive Therapeutics, Inc. - Common Stock",NASDAQ
UNF,Unifirst Corporation Common Stock,NYSE
UNFI,"United Natural Foods, Inc. Common Stock",NYSE
UNH,UnitedHealth Group Incorporated Common Stock (DE),NYSE
UNIT,Uniti Group Inc. - Common Stock,NASDAQ
UNM,Unum Group Common Stock,NYSE
UNP,Union Pacific Corporation Common Stock,NYSE
UNTY,"Unity Bancorp, Inc. - Common Stock",NASDAQ
UONE,"Urban One, Inc.  - Class A Common Stock",NASDAQ
UONEK,"Urban One, Inc.  - Class D Common Stock",NASDAQ
UP,Wheels Up Experience Inc. Class A Common Stock,NYSE
UPB,"Upstream Bio, Inc. - Common Stock",NASDAQ
UPBD,"Upbound Group, Inc. - Common Stock",NASDAQ
UPC,Universe Pharmaceuticals Inc - Class A Ordinary Shares,NASDAQ
UPLD,"Upland Software, Inc. - Common Stock",NASDAQ
UPS,"United Parcel Service, Inc. Common Stock",NYSE
UPST,"Upstart Holdings, Inc. - Common stock",NASDAQ
UPWK,Upwork Inc. - Common Stock,NASDAQ
UPXI,"Upexi, Inc. - Common Stock",NASDAQ
URBN,"Urban Outfitters, Inc. - Common Stock",NASDAQ
URG,Ur Energy Inc Common Shares (Canada),NYSE American
URGN,UroGen Pharma Ltd. - Ordinary Shares,NASDAQ
URI,"United Rentals, Inc. Common Stock",NYSE
UROY,Uranium Royalty Corp. - Common Stock,NASDAQ
USAR,"USA Rare Earth, Inc. - Common Stock",NASDAQ
USAS,"Americas Gold and Silver Corporation Common Shares, no par value",NYSE American
USAU,U.S. Gold Corp. - Common Stock,NASDAQ
USB,U.S. Bancorp Common Stock,NYSE
USBC,"USBC, Inc. Common Stock",NYSE American
USCB,"USCB Financial Holdings, Inc.  - Class A Common Stock",NASDAQ
USDE,StablecoinX Inc. - Class A Common Stock,NASDAQ
USEA,United Maritime Corporation - Common Stock,NASDAQ
USFD,US Foods Holding Corp. Common Stock,NYSE
USGO,U.S. GoldMining Inc. - Common stock,NASDAQ
USIO,"Usio, Inc. - Common Stock",NASDAQ
USLM,"United States Lime & Minerals, Inc. - Common Stock",NASDAQ
USNA,"USANA Health Sciences, Inc. Common Stock",NYSE
USPH,"U.S. Physical Therapy, Inc. Common Stock",NYSE
UTHR,United Therapeutics Corporation - Common Stock,NASDAQ
UTI,Universal Technical Institute Inc Common Stock,NYSE
UTL,UNITIL Corporation Common Stock,NYSE
UTMD,"Utah Medical Products, Inc. - Common Stock",NASDAQ
UTSI,UTStarcom Holdings Corp - Ordinary Shares,NASDAQ
UTZ,Utz Brands Inc Class A Common Stock,NYSE
UUU,"Universal Safety Products, Inc. Common Stock",NYSE American
UUUU,Energy Fuels Inc Ordinary Shares (Canada),NYSE American
UVE,UNIVERSAL INSURANCE HOLDINGS INC Common Stock,NYSE
UVSP,Univest Financial Corporation - Common Stock,NASDAQ
UVV,Universal Corporation Common Stock,NYSE
UWMC,UWM Holdings Corporation Class A Common Stock,NYSE
UXIN,Uxin Limited - American Depositary Shares,NASDAQ
UYSC,UY Scuti Acquisition Corp. - Ordinary Shares,NASDAQ
UZX,Linkage Global Inc - Class A Ordinary Shares,NASDAQ
V,Visa Inc.,NYSE
VABK,Virginia National Bankshares Corporation - Common Stock,NASDAQ
VAC,Marriott Vacations Worldwide Corporation Common Stock,NYSE
VACI,Viking Acquisition Corp. I Class A Ordinary Shares,NYSE
VAI,Valor Energy Incorporated - Common Stock,NASDAQ
VAL,Valaris Limited Common Shares,NYSE
VALE,VALE S.A.  American Depositary Shares Each Representing one common share,NYSE
VALN,Valneva SE - American Depositary Shares,NASDAQ
VALU,"Value Line, Inc. - Common Stock",NASDAQ
VANI,"Vivani Medical, Inc.  - Common Stock",NASDAQ
VATE,INNOVATE Corp. Common Stock,NYSE
VBIO,"Valion Bio, Inc. - Common stock",NASDAQ
VBNK,VersaBank - Common Shares,NASDAQ
VC,Visteon Corporation - Common Stock,NASDAQ
VCEL,Vericel Corporation - Common Stock,NASDAQ
VCIG,VCI Global Limited - Ordinary Share,NASDAQ
VCRE,Vicore Pharma Holding AB - American Depositary Shares,NASDAQ
VCTR,"Victory Capital Holdings, Inc. - Common Stock",NASDAQ
VCYT,"Veracyte, Inc. - Common Stock",NASDAQ
VECA,Vernal Capital Acquisition Corp. Ordinary Shares,NYSE
VECO,Veeco Instruments Inc. - Common Stock,NASDAQ
VEEA,Veea Inc. - Common Stock,NASDAQ
VEEE,Twin Vee PowerCats Co. - Common Stock,NASDAQ
VEEV,Veeva Systems Inc. Class A Common Stock,NYSE
VEL,"Velocity Financial, Inc. Common Stock",NYSE
VELO,"Velo3D, Inc. - Common stock",NASDAQ
VENU,Venu Holding Corporation Common Stock,NYSE American
VEON,VEON Ltd. - American Depositary Shares,NASDAQ
VERA,"Vera Therapeutics, Inc. - Class A Common Stock",NASDAQ
VERI,"Veritone, Inc. - Common Stock",NASDAQ
VERU,Veru Inc. - Common Stock,NASDAQ
VERX,"Vertex, Inc. - Class A Common Stock",NASDAQ
VET,Vermilion Energy Inc. Common (Canada),NYSE
VFC,V.F. Corporation Common Stock,NYSE
VFF,"Village Farms International, Inc. - Common Shares",NASDAQ
VFS,VinFast Auto Ltd. - Ordinary Shares,NASDAQ
VG,"Venture Global, Inc. Class A common stock",NYSE
VGAS,"Verde Clean Fuels, Inc. - Class A Common Stock",NASDAQ
VGNT,Versigent PLC Ordinary Shares,NYSE
VGZ,Vista Gold Corp Common Stock,NYSE American
VHC,VirnetX Holding Corp - Common Stock,NASDAQ
VHCP,Vine Hill Capital Investment Corp. II - Class A Ordinary Shares,NASDAQ
VHI,"Valhi, Inc. Common Stock",NYSE
VHUB,"VenHub Global, Inc. - Common Stock",NASDAQ
VIA,"Via Transportation, Inc. Class A Common Stock",NYSE
VIAV,Viavi Solutions Inc. - Common Stock,NASDAQ
VICI,VICI Properties Inc. Common Stock,NYSE
VICR,Vicor Corporation - Common Stock,NASDAQ
VIDA,VIDA Global Inc. Class A Common Stock,NYSE American
VII,Viking Acquisition Corp. II Class A Ordinary Shares,NYSE
VIK,Viking Holdings Ltd Ordinary Shares,NYSE
VINP,Vinci Compass Investments Ltd. - Class A Common Shares,NASDAQ
VIOT,"Viomi Technology Co., Ltd - American Depositary Shares",NASDAQ
VIP,Vulcan Infrastructure and Power Inc. - Class A Common Stock,NASDAQ
VIPS,"Vipshop Holdings Limited American Depositary Shares, each representing two ordinary shares",NYSE
VIR,"Vir Biotechnology, Inc. - Common Stock",NASDAQ
VIRC,Virco Manufacturing Corporation - Common Stock,NASDAQ
VIRT,"Virtu Financial, Inc. Class A Common Stock",NYSE
VISN,"Vistance Networks, Inc.  - Common Stock",NASDAQ
VIST,"Vista Energy S.A.B. de C.V. American Depositary Shares, each representing one series A share, with no par value",NYSE
VITL,"Vital Farms, Inc. - Common Stock",NASDAQ
VIV,Telefonica Brasil S.A. American Depositary Shares (Each representing One Common Share),NYSE
VIVK,"Vivakor, Inc. - Common Stock",NASDAQ
VIVO,VivoPower PLC - Class A Ordinary Shares,NASDAQ
VIVS,"VivoSim Labs, Inc. - Common Stock",NASDAQ
VKTX,"Viking Therapeutics, Inc. - Common Stock",NASDAQ
VLGEA,"Village Super Market, Inc. - Class A Common Stock",NASDAQ
VLN,Valens Semiconductor Ltd. Ordinary Shares,NYSE
VLO,Valero Energy Corporation Common Stock,NYSE
VLOS,Velos Acquisition I Corp. - Class A Ordinary shares,NASDAQ
VLRS,"Controladora Vuela Compania de Aviacion, S.A.B. de C.V. American Depositary Shares, each representing ten (10) Ordinary Participation Certificates",NYSE
VLTO,Veralto Corp Common Stock,NYSE
VLY,Valley National Bancorp - Common Stock,NASDAQ
VMAR,Vision Marine Technologies Inc. - Common Shares,NASDAQ
VMC,Vulcan Materials Company (Holding Company) Common Stock,NYSE
VMD,"Viemed Healthcare, Inc. - Common Shares",NASDAQ
VMET,Versamet Royalties Corporation - Common Stock,NASDAQ
VMI,"Valmont Industries, Inc. Common Stock",NYSE
VMRK,Vivmark Residential Common Shares of Beneficial Interest,NYSE
VNCE,Vince Holding Corp. - Common Stock,NASDAQ
VNDA,Vanda Pharmaceuticals Inc. - Common Stock,NASDAQ
VNET,"VNET Group, Inc. - American Depositary Shares",NASDAQ
VNME,Vendome Acquisition Corporation I - Class A Ordinary Shares,NASDAQ
VNO,Vornado Realty Trust Common Stock,NYSE
VNOM,"Viper Energy, Inc.  - Class A Common Stock",NASDAQ
VNRX,VolitionRX Limited Common Stock,NYSE American
VNT,Vontier Corporation Common Stock,NYSE
VNTG,Vantage Corp Class A Ordinary Shares,NYSE American
VOD,Vodafone Group Plc - American Depositary Shares each representing ten Ordinary Shares,NASDAQ
VOGX,Vogenx Inc - Common Stock,NASDAQ
VOR,Vor Biopharma Inc. - Common Stock,NASDAQ
VOXR,Vox Royalty Corp. - common stock,NASDAQ
VOYA,"Voya Financial, Inc. Common Stock",NYSE
VOYG,"Voyager Technologies, Inc. Class A Common Stock",NYSE
VPG,"Vishay Precision Group, Inc. Common Stock",NYSE
VRA,"Vera Bradley, Inc. - Common Stock",NASDAQ
VRAX,Virax Biolabs Group Limited - Ordinary Shares,NASDAQ
VRCA,Verrica Pharmaceuticals Inc. - Common Stock,NASDAQ
VRDN,"Viridian Therapeutics, Inc.  - Common Stock",NASDAQ
VREX,Varex Imaging Corporation - Common Stock,NASDAQ
VRM,"Vroom, Inc. - Common Stock",NASDAQ
VRME,"VerifyMe, Inc. - Common Stock",NASDAQ
VRNS,"Varonis Systems, Inc. - Common Stock",NASDAQ
VRRM,Verra Mobility Corporation - Class A Common Stock,NASDAQ
VRSK,"Verisk Analytics, Inc. - Common Stock",NASDAQ
VRSN,"VeriSign, Inc. - Common Stock",NASDAQ
VRT,"Vertiv Holdings, LLC Class A Common Stock",NYSE
VRTS,"Virtus Investment Partners, Inc. Common Stock",NYSE
VRTX,Vertex Pharmaceuticals Incorporated - Common Stock,NASDAQ
VRXA,Veraxa Biotech AG - Ordinary Shares,NASDAQ
VS,Versus Systems Inc. - Common Stock,NASDAQ
VSA,VisionSys AI Inc. - American Depositary Shares,NASDAQ
VSAT,"ViaSat, Inc. - Common Stock",NASDAQ
VSEC,VSE Corporation - Common Stock,NASDAQ
VSH,"Vishay Intertechnology, Inc. Common Stock",NYSE
VSME,VS Media Holdings Limited - Class A Ordinary Shares,NASDAQ
VSNT,"Versant Media Group, Inc. - Class A Common Stock",NASDAQ
VST,Vistra Corp. Common Stock,NYSE
VSTM,"Verastem, Inc. - Common Stock",NASDAQ
VSTS,Vestis Corporation Common Stock,NYSE
VSXY,Victorias Secret & Co. Common Stock,NYSE
VTAK,"Catheter Precision, Inc. Common Stock",NYSE American
VTEX,VTEX Class A Common Shares,NYSE
VTGN,"Vistagen Therapeutics, Inc. - Common Stock",NASDAQ
VTIX,Virtuix Holdings Inc. - Class A Common Stock,NASDAQ
VTMX,"Corporacion Inmobiliaria Vesta, S.A.B de C.V. American Depositary Shares, each representing ten (10) Common Shares",NYSE
VTOL,"Bristow Group, Inc. Common Stock",NYSE
VTR,"Ventas, Inc. Common Stock",NYSE
VTRS,Viatris Inc. - Common Stock,NASDAQ
VTS,"Vitesse Energy, Inc. Common Stock",NYSE
VTSI,"VirTra, Inc. - Common Stock",NASDAQ
VTVT,vTv Therapeutics Inc. - Class A Common Stock,NASDAQ
VUZI,Vuzix Corporation  - Common Stock,NASDAQ
VVOS,"Vivos Therapeutics, Inc. - Common Stock",NASDAQ
VVV,Valvoline Inc. Common Stock,NYSE
VVX,"V2X, Inc. Common Stock",NYSE
VWAV,"VisionWave Holdings, Inc. - Common Stock",NASDAQ
VYGR,"Voyager Therapeutics, Inc. - Common Stock",NASDAQ
VYX,NCR Voyix Corporation Common Stock,NYSE
VZ,Verizon Communications Inc. Common Stock,NYSE
VZLA,Vizsla Silver Corp. Common Shares,NYSE American
W,Wayfair Inc. Class A Common Stock,NYSE
WAB,Westinghouse Air Brake Technologies Corporation Common Stock,NYSE
WABC,Westamerica Bancorporation - Common Stock,NASDAQ
WAFD,"WaFd, Inc. - Common Stock",NASDAQ
WAFDP,"WaFd, Inc. - Depositary Shares",NASDAQ
WAFU,Wah Fu Education Group Limited - Ordinary Shares,NASDAQ
WAL,Western Alliance Bancorporation Common Stock (DE),NYSE
WALD,Waldencast plc - Class A Ordinary Share,NASDAQ
WASH,"Washington Trust Bancorp, Inc. - Common Stock",NASDAQ
WAT,Waters Corporation Common Stock,NYSE
WATR,Air Water Ventures Limited - Ordinary Shares,NASDAQ
WATT,Energous Corporation - Common Stock,NASDAQ
WAVE,Eco Wave Power Global AB (publ) - American Depositary Shares,NASDAQ
WAY,Waystar Holding Corp. - Common Stock,NASDAQ
WB,Weibo Corporation - American Depositary Shares,NASDAQ
WBD,"Warner Bros. Discovery, Inc. - Series A Common Stock",NASDAQ
WBI,WaterBridge Infrastructure LLC Class A Shares Representing Limited Liability Company Interests,NYSE
WBTN,WEBTOON Entertainment Inc. - Common stock,NASDAQ
WBUY,WEBUY GLOBAL LTD. - Class A Ordinary Shares,NASDAQ
WBX,Wallbox N.V. Class A Ordinary Shares,NYSE
WCC,"WESCO International, Inc. Common Stock",NYSE
WCCB,West Coast Community Bancorp - Common Stock,NASDAQ
WCN,"Waste Connections, Inc. Common Shares",NYSE
WCT,Wellchange Holdings Company Limited - Class A Ordinary shares,NASDAQ
WD,"Walker & Dunlop, Inc Common Stock",NYSE
WDAY,"Workday, Inc. - Class A Common Stock",NASDAQ
WDC,Western Digital Corporation - Common Stock,NASDAQ
WDFC,WD-40 Company - Common Stock,NASDAQ
WDS,"Woodside Energy Group Limited American Depositary Shares, each representing one Ordinary Share",NYSE
WEAV,"Weave Communications, Inc. Common Stock",NYSE
WEC,"WEC Energy Group, Inc. Common Stock",NYSE
WELL,Welltower Inc. Common Stock,NYSE
WEN,Wendy's Company (The) - Common Stock,NASDAQ
WENC,West Enclave Merger Corp. Ordinary Shares,NYSE
WENN,Wen Acquisition Corp - Class A Ordinary Shares,NASDAQ
WERN,"Werner Enterprises, Inc. - Common Stock",NASDAQ
WEST,Westrock Coffee Company - Common Stock,NASDAQ
WETH,Wetouch Technology Inc. - Common Stock,NASDAQ
WETO,Wetour Robotics Limited - Ordinary Shares,NASDAQ
WEX,WEX Inc. common stock,NYSE
WEYS,"Weyco Group, Inc. - Common Stock",NASDAQ
WF,Woori Financial Group Inc. American Depositary Shares (each representing three (3) shares of Common Stock),NYSE
WFC,Wells Fargo & Company Common Stock,NYSE
WFCF,"Where Food Comes From, Inc. - Common Stock",NASDAQ
WFF,WF Holding Limited - Ordinary Shares,NASDAQ
WFG,West Fraser Timber Co. Ltd Common stock,NYSE
WFRD,Weatherford International plc - Ordinary shares,NASDAQ
WGO,"Winnebago Industries, Inc. Common Stock",NYSE
WGS,GeneDx Holdings Corp. - Class A Common Stock,NASDAQ
WH,"Wyndham Hotels & Resorts, Inc. Common Stock",NYSE
WHD,"Cactus, Inc. Class A Common Stock",NYSE
WHG,Westwood Holdings Group Inc Common Stock,NYSE
WHK,WhiteHawk Minerals Corp Class A Common Stock,NYSE
WHLR,"Wheeler Real Estate Investment Trust, Inc. - Common Stock",NASDAQ
WHR,Whirlpool Corporation Common Stock,NYSE
WHWK,"Whitehawk Therapeutics, Inc. - Common Stock",NASDAQ
WIMI,WiMi Hologram Cloud Inc. - Class B Ordinary Shares,NASDAQ
WINA,Winmark Corporation - Common Stock,NASDAQ
WING,Wingstop Inc. - Common Stock,NASDAQ
WIT,Wipro Limited Common Stock,NYSE
WIX,Wix.com Ltd. - Ordinary Shares,NASDAQ
WK,Workiva Inc. Class A Common Stock,NYSE
WKC,World Kinect Corporation Common Stock,NYSE
WKEY,WISeKey International Holding Ltd - American Depositary Shares,NASDAQ
WKHS,"Workhorse Group, Inc. - Common Stock",NASDAQ
WKSP,"Worksport, Ltd. - Common Stock",NASDAQ
WLCO,Wilco 63 Corporation - Class A Ordinary Shares,NASDAQ
WLDN,"Willdan Group, Inc. - Common Stock",NASDAQ
WLDS,Wearable Devices Ltd. - Ordinary Share,NASDAQ
WLFC,Willis Lease Finance Corporation - Common Stock,NASDAQ
WLII,Willow Lane Acquisition Corp. II - Class A Ordinary Shares,NASDAQ
WLK,Westlake Corporation Common Stock,NYSE
WLTH,Wealthfront Corporation - Common Stock,NASDAQ
WLY,"John Wiley & Sons, Inc. Common Stock",NYSE
WLYB,"John Wiley & Sons, Inc. Common Stock",NYSE
WM,"Waste Management, Inc. Common Stock",NYSE
WMB,"Williams Companies, Inc. (The) Common Stock",NYSE
WMG,Warner Music Group Corp. - Class A Common Stock,NASDAQ
WMK,"Weis Markets, Inc. Common Stock",NYSE
WMS,"Advanced Drainage Systems, Inc. Common Stock",NYSE
WMT,Walmart Inc. - Common Stock,NASDAQ
WNC,Wabash National Corporation Common Stock,NYSE
WNEB,"Western New England Bancorp, Inc. - Common Stock",NASDAQ
WNW,Meiwu Technology Company Limited - Ordinary Shares,NASDAQ
WOK,WORK Medical Technology Group LTD - Class A Ordinary Shares,NASDAQ
WOLF,"Wolfspeed, Inc. Common Stock New",NYSE
WOOF,"Petco Health and Wellness Company, Inc. - Class A Common Stock",NASDAQ
WOR,"Worthington Enterprises, Inc. Common Shares",NYSE
WPAC,White Pearl Acquisition Corp. Class A Ordinary Shares,NYSE
WPC,W. P. Carey Inc. REIT,NYSE
WPM,Wheaton Precious Metals Corp Common Shares (Canada),NYSE
WPP,WPP plc American Depositary Shares,NYSE
WPRT,Westport Fuel Systems Inc - Common Shares,NASDAQ
WRAP,"Wrap Technologies, Inc. - Common Stock",NASDAQ
WRB,W.R. Berkley Corporation Common Stock,NYSE
WRBY,Warby Parker Inc. Class A Common Stock,NYSE
WRD,WeRide Inc. - American Depositary Shares,NASDAQ
WRLD,World Acceptance Corporation - Common Stock,NASDAQ
WRN,Western Copper and Gold Corporation Common Stock,NYSE American
WS,"Worthington Steel, Inc. Common Shares",NYSE
WSBC,"WesBanco, Inc. - Common Stock",NASDAQ
WSBF,"Waterstone Financial, Inc. - Common Stock",NASDAQ
WSBK,"Winchester Bancorp, Inc. - Common Stock",NASDAQ
WSC,WillScot Holdings Corporation - Class A Common Stock,NASDAQ
WSE,Wise Group plc - Class A Ordinary Shares,NASDAQ
WSFS,WSFS Financial Corporation - Common Stock,NASDAQ
WSHP,WeShop Holdings Limited - Class A Ordinary Shares,NASDAQ
WSM,"Williams-Sonoma, Inc. Common Stock (DE)",NYSE
WSO,"Watsco, Inc. Common Stock",NYSE
WSO-B,"Watsco, Inc. Class B Common Stock",NYSE
WST,"West Pharmaceutical Services, Inc. Common Stock",NYSE
WSTN,Westin Acquisition Corp - Class A Ordinary Share,NASDAQ
WT,"WisdomTree, Inc. Common Stock",NYSE
WTBA,West Bancorporation - Common Stock,NASDAQ
WTF,Waton Financial Limited - Ordinary Shares,NASDAQ
WTFC,Wintrust Financial Corporation - Common Stock,NASDAQ
WTG,Wintergreen Acquisition Corp. - Ordinary Shares,NASDAQ
WTI,"W&T Offshore, Inc. Common Stock",NYSE
WTM,"White Mountains Insurance Group, Ltd. Common Stock",NYSE
WTRG,"Essential Utilities, Inc. Common Stock",NYSE
WTS,"Watts Water Technologies, Inc. Class A Common Stock",NYSE
WTTR,"Select Water Solutions, Inc. Class A common stock",NYSE
WTW,Willis Towers Watson Public Limited Company - Ordinary Shares,NASDAQ
WU,Western Union Company (The) Common Stock,NYSE
WULF,TeraWulf Inc. - Common Stock,NASDAQ
WVE,"Wave Life Sciences, Inc. - Common Stock",NASDAQ
WVVI,"Willamette Valley Vineyards, Inc. - Common Stock",NASDAQ
WW,"WW International, Inc.  - Common Stock",NASDAQ
WWD,"Woodward, Inc. - Common Stock",NASDAQ
WWR,"Westwater Resources, Inc. Common Stock",NYSE American
WWW,"Wolverine World Wide, Inc. Common Stock",NYSE
WXM,WF International Limited - Ordinary Shares,NASDAQ
WY,Weyerhaeuser Company Common Stock,NYSE
WYFI,"WhiteFiber, Inc. - Ordinary Shares",NASDAQ
WYHG,Wing Yip Food Holdings Group Limited - American Depositary Shares,NASDAQ
WYNN,"Wynn Resorts, Limited - Common Stock",NASDAQ
WYY,WidePoint Corporation Common Stock,NYSE American
XAIR,"Beyond Air, Inc. - Common Stock",NASDAQ
XBIO,"Xenetic Biosciences, Inc. - Common Stock",NASDAQ
XBIT,XBiotech Inc. - Common Stock,NASDAQ
XBP,"XBP Global Holdings, Inc. - Common Stock",NASDAQ
XCBE,X3 Acquisition Corp. Ltd. - Class A Ordinary Shares,NASDAQ
XCH,XCHG Limited - ADS,NASDAQ
XCUR,"Exicure, Inc. - Common Stock",NASDAQ
XE,"X-Energy, Inc. - Class A Common Stock",NASDAQ
XEL,Xcel Energy Inc. - Common Stock,NASDAQ
XELB,"Xcel Brands, Inc - Common Stock",NASDAQ
XENE,Xenon Pharmaceuticals Inc. - Common Shares,NASDAQ
XERS,"Xeris Biopharma Holdings, Inc. - Common Stock",NASDAQ
XFLH,XFLH Capital Corporation Ordinary Shares,NYSE
XFOR,"X4 Pharmaceuticals, Inc. - Common Stock",NASDAQ
XGN,Exagen Inc. - Common Stock,NASDAQ
XHG,XChange TEC.INC - American Depositary Shares,NASDAQ
XHLD,"TEN Holdings, Inc. - Common Stock",NASDAQ
XHR,"Xenia Hotels & Resorts, Inc. Common Stock",NYSE
XIII,Churchill Capital Corp XIII - Class A Ordinary Shares,NASDAQ
XLAB,Exascale Labs Holdings Inc. - Class A Common Stock,NASDAQ
XLO,"Xilio Therapeutics, Inc. - Common Stock",NASDAQ
XMAX,"XMAX, Inc. - Common Stock",NASDAQ
XMTR,"Xometry, Inc. - Class A Common Stock",NASDAQ
XNCR,"Xencor, Inc. - Common Stock",NASDAQ
XNDU,Xanadu Quantum Technologies Limited - Class B Subordinate Voting Shares,NASDAQ
XNET,Xunlei Limited - American Depositary Shares,NASDAQ
XOM,ExxonMobil Holdings Corporation Common Stock,NYSE
XOS,"Xos, Inc. - Common Stock",NASDAQ
XP,XP Inc. - Class A Common Stock,NASDAQ
XPEL,"XPEL, Inc. - Common Stock",NASDAQ
XPER,Xperi Inc. Common Stock,NYSE
XPEV,"XPeng Inc. American depositary shares, each representing two Class A ordinary shares",NYSE
XPL,Solitario Resources Corp. Common Stock,NYSE American
XPO,"XPO, Inc. Common Stock",NYSE
XPOF,"Xponential Fitness, Inc. Class A Common Stock",NYSE
XPON,"Expion Energy, Inc. - Common Stock",NASDAQ
XPRO,Expro Ltd Ordinary Shares,NYSE
XRAY,DENTSPLY SIRONA Inc. - Common Stock,NASDAQ
XRN,Chiron Real Estate Inc. Common Stock,NYSE
XRPN,Armada Acquisition Corp. II - Class A Ordinary Shares,NASDAQ
XRTX,XORTX Therapeutics Inc. - Common Shares,NASDAQ
XRX,Xerox Holdings Corporation - Common Stock,NASDAQ
XTER,Karman Line Acquisition Corp. - Class A Ordinary Shares,NASDAQ
XTIA,"XTI Aerospace, Inc. Common Stock  - Common Stock",NASDAQ
XTLB,XTL Biopharmaceuticals Ltd. - American Depositary Shares,NASDAQ
XTND,"Xtend AI Robotics, Inc. Common Stock",NYSE
XTNT,"Xtant Medical Holdings, Inc. Common Stock",NYSE American
XWEL,"XWELL, Inc. - Common Stock",NASDAQ
XXI,"Twenty One Capital, Inc. Class A Common Stock",NYSE
XXII,"22nd Century Group, Inc - Common Stock",NASDAQ
XYF,"X Financial American Depositary Shares, each representing six Class A Ordinary Shares",NYSE
XYL,Xylem Inc. Common Stock New,NYSE
XYZ,"Block, Inc. Class A Common Stock,",NYSE
XZO,"Exzeo Group, Inc. Common Stock",NYSE
YAAS,Youxin Technology Ltd - Class A Ordinary shares,NASDAQ
YALA,"Yalla Group Limited American Depositary Shares, each representing one Class A Ordinary Share",NYSE
YARW,"Yarrow Bioscience, Inc. - Common Stock",NASDAQ
YB,Yuanbao Inc. - American Depositary Shares,NASDAQ
YCBD,"cbdMD, Inc. Common Stock",NYSE American
YCY,AA Mission Acquisition Corp. II Class A Ordinary Shares,NYSE
YDDL,One and One Green Technologies. INC - Class A Ordinary Shares,NASDAQ
YDES,YD Bio Limited - Ordinary Shares,NASDAQ
YDKG,Yueda Digital Holding - Class A Ordinary Share,NASDAQ
YELP,Yelp Inc. Common Stock,NYSE
YETI,"YETI Holdings, Inc. Common Stock",NYSE
YEXT,"Yext, Inc. Common Stock",NYSE
YFOR,YYForce Inc. - Class A Ordinary Shares,NASDAQ
YHC,LQR House Inc. - Common Stock,NASDAQ
YHGJ,Yunhong Green CTI Ltd. - Common Stock,NASDAQ
YHNA,YHN Acquisition I Limited - Ordinary Shares,NASDAQ
YI,"111, Inc. - American Depositary Shares",NASDAQ
YIBO,Planet Image International Limited - Class A Ordinary Shares,NASDAQ
YICC,Yorkville International Capital Corp. - Class A Ordinary Shares,NASDAQ
YJ,Yunji Inc. - American Depository Shares,NASDAQ
YMAT,"J-Star Holding Co., Ltd. - Class A Ordinary Shares",NASDAQ
YMM,Full Truck Alliance Co. Ltd. American Depositary Shares (each representing 20 Class A Ordinary Shares),NYSE
YMT,Yimutian Inc. - American Depositary Shares; each representing 25 Class A ordinary shares,NASDAQ
YORW,The York Water Company - Common Stock,NASDAQ
YOU,"Clear Secure, Inc. Class A Common Stock",NYSE
YOUL,Youlife Group Inc. - American Depositary Shares,NASDAQ
YPF,YPF Sociedad Anonima American Depositary Shares,NYSE
YQ,17 Education & Technology Group Inc. - American Depositary Shares,NASDAQ
YRD,"Yiren Digital Ltd. American Depositary Shares, each representing two ordinary shares",NYSE
YSG,"Yatsen Holding Limited American Depositary Shares, each representing twenty (20) Class A Ordinary Shares",NYSE
YSS,York Space Systems Inc. Common Stock,NYSE
YSWY,"Yesway, Inc. - Class A Common Stock",NASDAQ
YSXT,"YSX Tech. Co., Ltd  - Class A Ordinary Shares",NASDAQ
YTRA,"Yatra Online, Inc. - Ordinary Shares",NASDAQ
YUM,"Yum! Brands, Inc.",NYSE
YUMC,"Yum China Holdings, Inc. Common Stock",NYSE
YXT,YXT.COM GROUP HOLDING LIMITED - American Depository Shares,NASDAQ
YYAI,AiRWA Inc. - Common Stock,NASDAQ
Z,"Zillow Group, Inc. - Class C Capital Stock",NASDAQ
ZBAO,Zhibao Technology Inc. - Class A Ordinary Shares,NASDAQ
ZBH,"Zimmer Biomet Holdings, Inc. Common Stock",NYSE
ZBIO,"Zenas BioPharma, Inc. - Common Stock",NASDAQ
ZBRA,Zebra Technologies Corporation - Class A Common Stock,NASDAQ
ZCMD,Zhongchao Inc. - Class A Ordinary Shares,NASDAQ
ZD,"Ziff Davis, Inc. - Common Stock",NASDAQ
ZDAI,"DirectBooking Technology Co., Ltd. - Class A Ordinary Shares",NASDAQ
ZDGE,"Zedge, Inc. Class B Common Stock",NYSE American
ZENA,"ZenaTech, Inc. - Common Stock",NASDAQ
ZEO,Zeo Energy Corporation - Class A Common Stock,NASDAQ
ZEPP,"Zepp Health Corporation American depositary shares, each representing sixteen Class A ordinary shares",NYSE
ZETA,Zeta Global Holdings Corp. Class A Common Stock,NYSE
ZG,"Zillow Group, Inc. - Class A Common Stock",NASDAQ
ZGN,Ermenegildo Zegna N.V. Ordinary Shares,NYSE
ZH,"Zhihu Inc. American Depositary Shares, each representing three (3) Class A Ordinary Shares",NYSE
ZIM,ZIM Integrated Shipping Services Ltd. Ordinary Shares,NYSE
ZION,Zions Bancorporation N.A. - Common Stock,NASDAQ
ZIP,"ZipRecruiter, Inc. Class A Common Stock",NYSE
ZJK,"ZJK Industrial Co., Ltd. - Class A Ordinary Shares",NASDAQ
ZJYL,JIN MEDICAL INTERNATIONAL LTD. - Class A Ordinary Shares,NASDAQ
ZKH,"ZKH Group Limited American Depositary Shares, each representing thirty-five (35) Class A Ordinary Shares",NYSE
ZKIN,"ZK International Group Co., Ltd - Ordinary Share",NASDAQ
ZKP,Lafayette Digital Acquisition Corp. I - Class A Ordinary Shares,NASDAQ
ZLAB,Zai Lab Limited - American Depositary Shares,NASDAQ
ZM,"Zoom Communications, Inc. - Class A Common Stock",NASDAQ
ZNB,Zeta Network Group - Class A Ordinary Shares,NASDAQ
ZNTL,"Zentalis Pharmaceuticals, Inc. - common stock",NASDAQ
ZONE,Zone Frontier Inc. Class B Common Stock,NYSE American
ZOOZ,ZOOZ Strategy Ltd. - Ordinary Shares,NASDAQ
ZS,"Zscaler, Inc. - Common Stock",NASDAQ
ZSQR,Z Squared Inc. - Common Stock,NASDAQ
ZSTK,ZeroStack Corp. - Common Stock,NASDAQ
ZTG,Zenta Group Company Limited - Class A Ordinary Shares,NASDAQ
ZTO,"ZTO Express (Cayman) Inc. American Depositary Shares, each representing one Class A ordinary share.",NYSE
ZTS,Zoetis Inc. Class A Common Stock,NYSE
ZUMZ,Zumiez Inc. - Common Stock,NASDAQ
ZURA,Zura Bio Limited - Class A Ordinary shares,NASDAQ
ZVIA,Zevia PBC Class A Common Stock,NYSE
ZVRA,"Zevra Therapeutics, Inc.  - Common Stock",NASDAQ
ZWS,Zurn Elkay Water Solutions Corporation Common Stock,NYSE
ZYBT,Zhengye Biotechnology Holding Limited - Class A Ordinary Shares,NASDAQ
ZYME,Zymeworks Inc. - Common Stock,NASDAQ
